Timestamp,Pair,Long %,Short %,Lots Long,Lots Short,Positions Long,Positions Short
2025-03-04 20:08:49,EURUSD,24 %,76 %,8004,26017,29378,62614
2025-03-04 20:08:49,GBPUSD,30 %,70 %,3930,9301,12842,26881
2025-03-04 20:08:49,USDJPY,51 %,49 %,1286,1213,8031,5352
2025-03-04 20:08:49,USDCHF,71 %,29 %,1544,620,7343,4283
2025-03-04 20:08:49,AUDUSD,86 %,14 %,4676,763,16272,3899
2025-03-04 20:08:49,NZDUSD,89 %,11 %,4822,623,16385,2151
2025-03-04 20:08:49,USDCAD,17 %,83 %,1920,9262,5407,28976
2025-03-04 20:08:49,EURGBP,83 %,17 %,2398,506,12092,3554
2025-03-04 20:08:49,EURJPY,55 %,45 %,600,486,2813,3185
2025-03-04 20:08:49,EURCHF,56 %,44 %,622,481,3836,2817
2025-03-04 20:08:49,GBPJPY,51 %,49 %,425,411,2158,2587
2025-03-04 20:08:49,GBPCHF,51 %,49 %,162,154,1280,1241
2025-03-04 20:08:49,AUDJPY,74 %,26 %,309,109,2032,1048
2025-03-04 20:08:49,AUDNZD,60 %,40 %,2086,1412,18518,11568
2025-03-04 20:08:49,NZDJPY,83 %,17 %,350,74,2620,741
2025-03-04 20:08:49,CADJPY,84 %,16 %,307,58,2659,801
2025-03-04 20:08:49,EURAUD,4 %,96 %,200,5436,904,16206
2025-03-04 20:08:49,AUDCAD,16 %,84 %,649,3300,5419,19701
2025-03-04 20:08:49,AUDNZD,60 %,40 %,2086,1412,18518,11568
2025-03-04 20:08:49,EURNZD,4 %,96 %,76,1982,448,8132
2025-03-04 20:08:49,GBPCAD,1 %,99 %,76,5161,1238,20138
2025-03-04 20:08:49,NZDCAD,43 %,57 %,1707,2278,7929,18708
2025-03-05 00:39:15,EURUSD,20 %,80 %,7869,30982,29216,71335
2025-03-05 00:39:15,GBPUSD,27 %,73 %,3961,10592,12755,28473
2025-03-05 00:39:15,USDJPY,45 %,55 %,1218,1467,7562,5427
2025-03-05 00:39:15,USDCHF,71 %,29 %,1541,635,7266,4397
2025-03-05 00:39:15,AUDUSD,72 %,28 %,4179,1587,14448,5127
2025-03-05 00:39:15,NZDUSD,87 %,13 %,4463,666,14891,2528
2025-03-05 00:39:15,USDCAD,23 %,77 %,2645,8963,6565,27460
2025-03-05 00:39:15,EURGBP,77 %,23 %,2119,615,10858,4294
2025-03-05 00:39:15,EURJPY,48 %,52 %,539,583,2653,3649
2025-03-05 00:39:15,EURCHF,25 %,75 %,366,1102,3259,3626
2025-03-05 00:39:15,GBPJPY,49 %,51 %,416,428,2163,2658
2025-03-05 00:39:15,GBPCHF,32 %,68 %,126,275,1171,1386
2025-03-05 00:39:15,AUDJPY,71 %,29 %,296,123,1921,1132
2025-03-05 00:39:15,AUDNZD,54 %,46 %,1694,1461,16894,11864
2025-03-05 00:39:15,NZDJPY,77 %,23 %,335,99,2433,859
2025-03-05 00:39:15,CADJPY,82 %,18 %,281,59,2446,919
2025-03-05 00:39:15,EURAUD,4 %,96 %,210,5438,1048,15821
2025-03-05 00:39:15,AUDCAD,17 %,83 %,669,3270,6223,19256
2025-03-05 00:39:15,AUDNZD,54 %,46 %,1694,1461,16894,11864
2025-03-05 00:39:15,EURNZD,4 %,96 %,83,1973,500,7953
2025-03-05 00:39:15,GBPCAD,2 %,98 %,79,4345,982,16709
2025-03-05 00:39:15,NZDCAD,44 %,56 %,1640,2072,9388,17785
2025-03-05 04:10:25,EURUSD,23 %,77 %,8054,27544,31211,68973
2025-03-05 04:10:25,GBPUSD,31 %,69 %,4262,9481,14054,27954
2025-03-05 04:10:25,USDJPY,45 %,55 %,1041,1254,6590,5240
2025-03-05 04:10:25,USDCHF,66 %,34 %,1510,788,6968,4934
2025-03-05 04:10:25,AUDUSD,85 %,15 %,4070,739,13874,3825
2025-03-05 04:10:25,NZDUSD,86 %,14 %,4182,660,14466,2562
2025-03-05 04:10:25,USDCAD,19 %,81 %,2057,8681,6071,27092
2025-03-05 04:10:25,EURGBP,67 %,33 %,1813,882,9759,5402
2025-03-05 04:10:25,EURJPY,42 %,58 %,506,706,2527,3941
2025-03-05 04:10:25,EURCHF,20 %,80 %,307,1203,2987,3898
2025-03-05 04:10:25,GBPJPY,47 %,53 %,422,470,2435,2655
2025-03-05 04:10:25,GBPCHF,26 %,74 %,113,319,1105,1493
2025-03-05 04:10:25,AUDJPY,72 %,28 %,267,103,1661,1106
2025-03-05 04:10:25,AUDNZD,52 %,48 %,1549,1403,16801,11505
2025-03-05 04:10:25,NZDJPY,74 %,26 %,239,85,2039,882
2025-03-05 04:10:25,CADJPY,79 %,21 %,256,67,2276,1018
2025-03-05 04:10:25,EURAUD,4 %,96 %,204,5554,941,15846
2025-03-05 04:10:25,AUDCAD,35 %,65 %,945,1776,9674,10202
2025-03-05 04:10:25,AUDNZD,52 %,48 %,1549,1403,16795,11514
2025-03-05 04:10:25,EURNZD,4 %,96 %,69,1755,470,7915
2025-03-05 04:10:25,GBPCAD,2 %,98 %,70,3613,750,12544
2025-03-05 04:10:25,NZDCAD,57 %,43 %,1757,1334,12536,14516
2025-03-05 08:11:25,EURUSD,19 %,81 %,7319,30427,28053,78614
2025-03-05 08:11:25,GBPUSD,29 %,71 %,4157,10134,13241,29806
2025-03-05 08:11:25,USDJPY,54 %,46 %,1182,988,7388,4156
2025-03-05 08:11:25,USDCHF,73 %,27 %,1695,629,7723,4238
2025-03-05 08:11:25,AUDUSD,78 %,22 %,3716,1039,12729,4752
2025-03-05 08:11:25,NZDUSD,86 %,14 %,4088,683,14248,2829
2025-03-05 08:11:25,USDCAD,20 %,80 %,2173,8652,6571,26772
2025-03-05 08:11:25,EURGBP,63 %,37 %,1720,1024,9260,6092
2025-03-05 08:11:25,EURJPY,42 %,58 %,512,714,2437,3933
2025-03-05 08:11:25,EURCHF,21 %,79 %,320,1239,2900,4257
2025-03-05 08:11:25,GBPJPY,47 %,53 %,414,473,2556,2633
2025-03-05 08:11:25,GBPCHF,28 %,72 %,116,291,1106,1350
2025-03-05 08:11:25,AUDJPY,73 %,27 %,267,99,1639,1100
2025-03-05 08:11:25,AUDNZD,51 %,49 %,1519,1464,16617,11727
2025-03-05 08:11:25,NZDJPY,74 %,26 %,237,83,2035,872
2025-03-05 08:11:25,CADJPY,79 %,21 %,254,67,2278,1009
2025-03-05 08:11:25,EURAUD,4 %,96 %,206,5598,946,15815
2025-03-05 08:11:25,AUDCAD,28 %,72 %,794,2033,7858,11869
2025-03-05 08:11:25,AUDNZD,51 %,49 %,1519,1474,16618,11736
2025-03-05 08:11:25,EURNZD,4 %,96 %,68,1807,477,7942
2025-03-05 08:11:25,GBPCAD,2 %,98 %,77,3600,822,12531
2025-03-05 08:11:25,NZDCAD,56 %,44 %,1733,1356,11676,14743
2025-03-05 12:14:39,EURUSD,17 %,83 %,7665,36561,27240,89501
2025-03-05 12:14:39,GBPUSD,28 %,72 %,4112,10831,13990,31851
2025-03-05 12:14:39,USDJPY,58 %,42 %,1186,867,7476,3859
2025-03-05 12:14:39,USDCHF,72 %,28 %,1744,680,7563,4506
2025-03-05 12:14:39,AUDUSD,69 %,31 %,3434,1512,11662,5737
2025-03-05 12:14:39,NZDUSD,83 %,17 %,3947,828,13693,3438
2025-03-05 12:14:39,USDCAD,21 %,79 %,2286,8597,6974,26489
2025-03-05 12:14:39,EURGBP,33 %,67 %,908,1883,5579,9877
2025-03-05 12:14:39,EURJPY,36 %,64 %,479,839,2478,4347
2025-03-05 12:14:39,EURCHF,17 %,83 %,298,1435,2737,4955
2025-03-05 12:14:39,GBPJPY,47 %,53 %,411,472,2605,2652
2025-03-05 12:14:39,GBPCHF,22 %,78 %,105,372,954,1347
2025-03-05 12:14:39,AUDJPY,74 %,26 %,270,97,1665,1075
2025-03-05 12:14:39,AUDNZD,52 %,48 %,1538,1396,16737,11320
2025-03-05 12:14:39,NZDJPY,74 %,26 %,236,82,1933,877
2025-03-05 12:14:39,CADJPY,79 %,21 %,263,70,2264,1031
2025-03-05 12:14:39,EURAUD,3 %,97 %,233,6953,1012,16434
2025-03-05 12:14:39,AUDCAD,22 %,78 %,635,2236,6144,13238
2025-03-05 12:14:39,AUDNZD,52 %,48 %,1539,1396,16738,11317
2025-03-05 12:14:39,EURNZD,4 %,96 %,90,1972,542,8087
2025-03-05 12:14:39,GBPCAD,2 %,98 %,66,3624,625,12556
2025-03-05 12:14:39,NZDCAD,51 %,49 %,1599,1533,9241,17242
2025-03-05 16:13:18,EURUSD,15 %,85 %,6820,39793,22484,95366
2025-03-05 16:13:18,GBPUSD,25 %,75 %,3816,11301,13669,32720
2025-03-05 16:13:18,USDJPY,62 %,38 %,1358,825,7322,3523
2025-03-05 16:13:18,USDCHF,71 %,29 %,1594,645,7149,4292
2025-03-05 16:13:18,AUDUSD,63 %,37 %,2895,1732,10330,6655
2025-03-05 16:13:18,NZDUSD,78 %,22 %,3792,1079,13185,4378
2025-03-05 16:13:18,USDCAD,22 %,78 %,2371,8184,7522,25758
2025-03-05 16:13:18,EURGBP,21 %,79 %,700,2695,4649,14717
2025-03-05 16:13:18,EURJPY,36 %,64 %,462,832,2311,4316
2025-03-05 16:13:18,EURCHF,12 %,88 %,265,1977,2533,6760
2025-03-05 16:13:18,GBPJPY,49 %,51 %,418,440,2498,2500
2025-03-05 16:13:18,GBPCHF,22 %,78 %,79,281,837,1401
2025-03-05 16:13:18,AUDJPY,73 %,27 %,267,97,1640,1068
2025-03-05 16:13:18,AUDNZD,55 %,45 %,1592,1321,16973,10964
2025-03-05 16:13:18,NZDJPY,72 %,28 %,222,87,1875,901
2025-03-05 16:13:18,CADJPY,80 %,20 %,271,68,2288,928
2025-03-05 16:13:18,EURAUD,3 %,97 %,207,6693,886,16345
2025-03-05 16:13:18,AUDCAD,10 %,90 %,491,4603,5084,27464
2025-03-05 16:13:18,AUDNZD,55 %,45 %,1592,1321,16973,10964
2025-03-05 16:13:18,EURNZD,3 %,97 %,72,2017,423,8248
2025-03-05 16:13:18,GBPCAD,2 %,98 %,59,3617,546,12462
2025-03-05 16:13:18,NZDCAD,35 %,65 %,1251,2336,8142,21634
2025-03-05 20:09:16,EURUSD,15 %,85 %,6641,37892,22172,97495
2025-03-05 20:09:16,GBPUSD,16 %,84 %,2296,11631,7891,32045
2025-03-05 20:09:16,USDJPY,57 %,43 %,1120,861,6948,3778
2025-03-05 20:09:16,USDCHF,65 %,35 %,1336,713,6674,4694
2025-03-05 20:09:16,AUDUSD,55 %,45 %,2662,2197,9646,7576
2025-03-05 20:09:16,NZDUSD,76 %,24 %,3716,1160,12995,4797
2025-03-05 20:09:16,USDCAD,24 %,76 %,2475,7935,8350,25242
2025-03-05 20:09:16,EURGBP,21 %,79 %,665,2510,4399,12923
2025-03-05 20:09:16,EURJPY,35 %,65 %,478,900,2204,4392
2025-03-05 20:09:16,EURCHF,10 %,90 %,251,2304,2385,7561
2025-03-05 20:09:16,GBPJPY,48 %,52 %,401,441,2394,2457
2025-03-05 20:09:16,GBPCHF,21 %,79 %,73,273,920,1665
2025-03-05 20:09:16,AUDJPY,68 %,32 %,247,116,1596,1131
2025-03-05 20:09:16,AUDNZD,52 %,48 %,1530,1403,16384,11196
2025-03-05 20:09:16,NZDJPY,73 %,27 %,217,81,1833,896
2025-03-05 20:09:16,CADJPY,82 %,18 %,270,59,2245,859
2025-03-05 20:09:16,EURAUD,3 %,97 %,236,6725,1147,16082
2025-03-05 20:09:16,AUDCAD,7 %,93 %,489,6854,6041,42861
2025-03-05 20:09:16,AUDNZD,52 %,48 %,1530,1403,16384,11196
2025-03-05 20:09:16,EURNZD,5 %,95 %,90,1881,567,8127
2025-03-05 20:09:16,GBPCAD,2 %,98 %,71,3426,603,12044
2025-03-05 20:09:16,NZDCAD,24 %,76 %,1060,3291,6796,25506
2025-03-06 00:39:08,EURUSD,14 %,86 %,6335,39078,20918,100551
2025-03-06 00:39:08,GBPUSD,16 %,84 %,2310,12066,7854,32867
2025-03-06 00:39:08,USDJPY,58 %,42 %,1194,859,7097,3772
2025-03-06 00:39:08,USDCHF,64 %,36 %,1289,725,6563,4735
2025-03-06 00:39:08,AUDUSD,51 %,49 %,2577,2495,9474,8310
2025-03-06 00:39:08,NZDUSD,74 %,26 %,3627,1244,12789,5171
2025-03-06 00:39:08,USDCAD,26 %,74 %,2640,7711,8901,25165
2025-03-06 00:39:08,EURGBP,21 %,79 %,643,2379,4279,11853
2025-03-06 00:39:08,EURJPY,34 %,66 %,470,921,2178,4642
2025-03-06 00:39:08,EURCHF,9 %,91 %,228,2406,2115,7910
2025-03-06 00:39:08,GBPJPY,48 %,52 %,402,437,2408,2472
2025-03-06 00:39:08,GBPCHF,21 %,79 %,72,266,925,1748
2025-03-06 00:39:08,AUDJPY,68 %,32 %,243,115,1551,1142
2025-03-06 00:39:08,AUDNZD,52 %,48 %,1530,1410,16341,11204
2025-03-06 00:39:08,NZDJPY,71 %,29 %,217,87,1799,918
2025-03-06 00:39:08,CADJPY,82 %,18 %,270,60,2230,859
2025-03-06 00:39:08,EURAUD,3 %,97 %,235,6620,1235,15920
2025-03-06 00:39:08,AUDCAD,6 %,94 %,483,7168,5714,45513
2025-03-06 00:39:08,AUDNZD,52 %,48 %,1530,1410,16341,11204
2025-03-06 00:39:08,EURNZD,5 %,95 %,95,1775,622,7988
2025-03-06 00:39:08,GBPCAD,2 %,98 %,74,3399,650,11916
2025-03-06 00:39:08,NZDCAD,25 %,75 %,1078,3319,6994,25656
2025-03-06 04:10:26,EURUSD,14 %,86 %,7268,43001,22786,106001
2025-03-06 04:10:26,GBPUSD,16 %,84 %,2333,11919,8260,33015
2025-03-06 04:10:26,USDJPY,55 %,45 %,1081,870,6756,4103
2025-03-06 04:10:26,USDCHF,62 %,38 %,1196,724,6099,4960
2025-03-06 04:10:26,AUDUSD,49 %,51 %,2480,2574,9396,8866
2025-03-06 04:10:26,NZDUSD,73 %,27 %,3511,1318,12661,5749
2025-03-06 04:10:26,USDCAD,25 %,75 %,2525,7682,8603,24886
2025-03-06 04:10:26,EURGBP,19 %,81 %,600,2497,3978,12378
2025-03-06 04:10:26,EURJPY,33 %,67 %,504,1042,2229,5057
2025-03-06 04:10:26,EURCHF,8 %,92 %,219,2404,2052,8149
2025-03-06 04:10:26,GBPJPY,49 %,51 %,422,437,2578,2406
2025-03-06 04:10:26,GBPCHF,20 %,80 %,70,282,784,1810
2025-03-06 04:10:26,AUDJPY,65 %,35 %,242,127,1515,1237
2025-03-06 04:10:26,AUDNZD,52 %,48 %,1528,1402,16362,11028
2025-03-06 04:10:26,NZDJPY,65 %,35 %,211,115,1761,1025
2025-03-06 04:10:26,CADJPY,82 %,18 %,296,64,2234,906
2025-03-06 04:10:26,EURAUD,4 %,96 %,254,6541,1252,15745
2025-03-06 04:10:26,AUDCAD,7 %,93 %,539,7574,6982,47049
2025-03-06 04:10:26,AUDNZD,52 %,48 %,1528,1402,16362,11028
2025-03-06 04:10:26,EURNZD,6 %,94 %,117,1800,647,7866
2025-03-06 04:10:26,GBPCAD,3 %,97 %,99,3406,793,11766
2025-03-06 04:10:26,NZDCAD,24 %,76 %,1082,3467,7066,26892
2025-03-06 08:11:18,EURUSD,15 %,85 %,6976,41085,20861,102707
2025-03-06 08:11:18,GBPUSD,16 %,84 %,2232,12051,7866,33406
2025-03-06 08:11:18,USDJPY,63 %,37 %,1312,755,7709,3432
2025-03-06 08:11:18,USDCHF,65 %,35 %,1200,645,6231,4524
2025-03-06 08:11:18,AUDUSD,56 %,44 %,2493,1924,9395,8051
2025-03-06 08:11:18,NZDUSD,73 %,27 %,3545,1317,12398,5755
2025-03-06 08:11:18,USDCAD,24 %,76 %,2468,7756,8310,25216
2025-03-06 08:11:18,EURGBP,19 %,81 %,605,2509,4127,12317
2025-03-06 08:11:18,EURJPY,35 %,65 %,542,999,2533,4489
2025-03-06 08:11:18,EURCHF,9 %,91 %,220,2374,2142,8103
2025-03-06 08:11:18,GBPJPY,51 %,49 %,431,414,3138,2294
2025-03-06 08:11:18,GBPCHF,23 %,77 %,85,278,899,1777
2025-03-06 08:11:18,AUDJPY,66 %,34 %,251,131,1625,1207
2025-03-06 08:11:18,AUDNZD,54 %,46 %,1566,1351,16478,10857
2025-03-06 08:11:18,NZDJPY,65 %,35 %,204,110,1823,1027
2025-03-06 08:11:18,CADJPY,83 %,17 %,293,59,2317,842
2025-03-06 08:11:18,EURAUD,4 %,96 %,247,6560,1211,15850
2025-03-06 08:11:18,AUDCAD,7 %,93 %,541,7630,7249,48049
2025-03-06 08:11:18,AUDNZD,54 %,46 %,1566,1351,16478,10857
2025-03-06 08:11:18,EURNZD,6 %,94 %,112,1808,620,7929
2025-03-06 08:11:18,GBPCAD,3 %,97 %,89,3422,623,11868
2025-03-06 08:11:18,NZDCAD,22 %,78 %,1036,3602,6964,28226
2025-03-06 12:14:40,EURUSD,14 %,86 %,6647,39615,20815,99162
2025-03-06 12:14:40,GBPUSD,17 %,83 %,2378,11601,8528,32027
2025-03-06 12:14:40,USDJPY,65 %,35 %,1499,816,7867,3633
2025-03-06 12:14:40,USDCHF,68 %,32 %,1254,588,6552,4167
2025-03-06 12:14:40,AUDUSD,59 %,41 %,2539,1777,9582,7523
2025-03-06 12:14:40,NZDUSD,72 %,28 %,3494,1328,12341,5775
2025-03-06 12:14:40,USDCAD,24 %,76 %,2455,7804,7994,25191
2025-03-06 12:14:40,EURGBP,18 %,82 %,589,2675,3879,12683
2025-03-06 12:14:40,EURJPY,44 %,56 %,632,793,2911,3609
2025-03-06 12:14:40,EURCHF,17 %,83 %,343,1685,2535,6360
2025-03-06 12:14:40,GBPJPY,58 %,42 %,491,350,3202,2069
2025-03-06 12:14:40,GBPCHF,46 %,54 %,158,183,1367,1220
2025-03-06 12:14:40,AUDJPY,72 %,28 %,253,96,1700,1058
2025-03-06 12:14:40,AUDNZD,62 %,38 %,2140,1285,21896,9418
2025-03-06 12:14:40,NZDJPY,74 %,26 %,219,77,1983,820
2025-03-06 12:14:40,CADJPY,84 %,16 %,297,57,2428,784
2025-03-06 12:14:40,EURAUD,4 %,96 %,255,6503,1193,15761
2025-03-06 12:14:40,AUDCAD,6 %,94 %,531,8012,7270,50401
2025-03-06 12:14:40,AUDNZD,62 %,38 %,2140,1285,21896,9418
2025-03-06 12:14:40,EURNZD,7 %,93 %,131,1767,659,7810
2025-03-06 12:14:40,GBPCAD,2 %,98 %,72,3412,585,11800
2025-03-06 12:14:40,NZDCAD,17 %,83 %,940,4601,6754,34714
2025-03-06 16:09:48,EURUSD,15 %,85 %,6961,39677,20357,101462
2025-03-06 16:09:48,GBPUSD,17 %,83 %,2287,11557,7852,31884
2025-03-06 16:09:48,USDJPY,58 %,42 %,1285,913,7520,4051
2025-03-06 16:09:48,USDCHF,67 %,33 %,1314,660,6665,4357
2025-03-06 16:09:48,AUDUSD,59 %,41 %,2424,1706,9169,7622
2025-03-06 16:09:48,NZDUSD,72 %,28 %,3481,1353,12229,5683
2025-03-06 16:09:48,USDCAD,26 %,74 %,2628,7563,8711,24311
2025-03-06 16:09:48,EURGBP,14 %,86 %,584,3531,3604,15724
2025-03-06 16:09:48,EURJPY,40 %,60 %,491,741,2393,3423
2025-03-06 16:09:48,EURCHF,15 %,85 %,277,1621,2314,6342
2025-03-06 16:09:48,GBPJPY,53 %,47 %,412,358,2646,2195
2025-03-06 16:09:48,GBPCHF,53 %,47 %,176,155,1457,1158
2025-03-06 16:09:48,AUDJPY,74 %,26 %,261,91,1690,1053
2025-03-06 16:09:48,AUDNZD,60 %,40 %,1969,1294,19555,10262
2025-03-06 16:09:48,NZDJPY,74 %,26 %,217,77,1908,822
2025-03-06 16:09:48,CADJPY,84 %,16 %,291,55,2319,809
2025-03-06 16:09:48,EURAUD,3 %,97 %,213,6206,1029,15046
2025-03-06 16:09:48,AUDCAD,10 %,90 %,771,6745,7789,34374
2025-03-06 16:09:48,AUDNZD,60 %,40 %,1969,1294,19555,10262
2025-03-06 16:09:48,EURNZD,5 %,95 %,97,1786,555,7724
2025-03-06 16:09:48,GBPCAD,2 %,98 %,68,3280,685,11313
2025-03-06 16:09:48,NZDCAD,22 %,78 %,991,3558,7670,31404
2025-03-06 20:08:57,EURUSD,18 %,82 %,7777,35763,23308,89997
2025-03-06 20:08:57,GBPUSD,17 %,83 %,2301,11380,7948,31703
2025-03-06 20:08:57,USDJPY,60 %,40 %,1263,857,7598,3700
2025-03-06 20:08:57,USDCHF,69 %,31 %,1362,612,6819,4162
2025-03-06 20:08:57,AUDUSD,60 %,40 %,2480,1664,9450,7373
2025-03-06 20:08:57,NZDUSD,71 %,29 %,3455,1382,12245,5963
2025-03-06 20:08:57,USDCAD,27 %,73 %,2462,6691,8386,21574
2025-03-06 20:08:57,EURGBP,19 %,81 %,659,2860,4118,13829
2025-03-06 20:08:57,EURJPY,43 %,57 %,528,709,2638,3271
2025-03-06 20:08:57,EURCHF,29 %,71 %,452,1109,2899,5180
2025-03-06 20:08:57,GBPJPY,53 %,47 %,384,344,2335,2149
2025-03-06 20:08:57,GBPCHF,58 %,42 %,203,146,1564,1097
2025-03-06 20:08:57,AUDJPY,75 %,25 %,248,82,1602,1005
2025-03-06 20:08:57,AUDNZD,59 %,41 %,1899,1295,17872,10153
2025-03-06 20:08:57,NZDJPY,71 %,29 %,205,85,1795,831
2025-03-06 20:08:57,CADJPY,84 %,16 %,282,51,2268,754
2025-03-06 20:08:57,EURAUD,4 %,96 %,253,5399,1189,13486
2025-03-06 20:08:57,AUDCAD,22 %,78 %,766,2646,8581,14033
2025-03-06 20:08:57,AUDNZD,59 %,41 %,1899,1295,17872,10153
2025-03-06 20:08:57,EURNZD,6 %,94 %,111,1673,634,7644
2025-03-06 20:08:57,GBPCAD,2 %,98 %,67,3149,703,10899
2025-03-06 20:08:57,NZDCAD,32 %,68 %,1076,2334,9107,27884
2025-03-07 00:39:33,EURUSD,16 %,84 %,6850,35158,22113,88284
2025-03-07 00:39:33,GBPUSD,17 %,83 %,2344,11347,8361,31349
2025-03-07 00:39:33,USDJPY,59 %,41 %,1246,875,7431,3998
2025-03-07 00:39:33,USDCHF,69 %,31 %,1370,610,6796,4218
2025-03-07 00:39:33,AUDUSD,60 %,40 %,2485,1670,9468,7370
2025-03-07 00:39:33,NZDUSD,72 %,28 %,3461,1373,12297,5891
2025-03-07 00:39:33,USDCAD,27 %,73 %,2462,6663,8418,21396
2025-03-07 00:39:33,EURGBP,19 %,81 %,648,2833,4013,13812
2025-03-07 00:39:33,EURJPY,42 %,58 %,523,713,2543,3382
2025-03-07 00:39:33,EURCHF,30 %,70 %,453,1080,2812,5050
2025-03-07 00:39:33,GBPJPY,52 %,48 %,377,348,2199,2216
2025-03-07 00:39:33,GBPCHF,62 %,38 %,216,135,1614,1069
2025-03-07 00:39:33,AUDJPY,75 %,25 %,247,82,1607,1008
2025-03-07 00:39:33,AUDNZD,60 %,40 %,1933,1297,17905,10133
2025-03-07 00:39:33,NZDJPY,72 %,28 %,208,81,1810,823
2025-03-07 00:39:33,CADJPY,85 %,15 %,288,52,2280,751
2025-03-07 00:39:33,EURAUD,4 %,96 %,242,5202,1134,13160
2025-03-07 00:39:33,AUDCAD,24 %,76 %,820,2592,8927,13140
2025-03-07 00:39:33,AUDNZD,60 %,40 %,1933,1297,17905,10133
2025-03-07 00:39:33,EURNZD,7 %,93 %,117,1654,632,7631
2025-03-07 00:39:33,GBPCAD,2 %,98 %,70,3140,769,10855
2025-03-07 00:39:33,NZDCAD,33 %,67 %,1127,2304,9164,27703
2025-03-07 04:10:24,EURUSD,15 %,85 %,6482,35388,20081,90698
2025-03-07 04:10:24,GBPUSD,17 %,83 %,2305,11361,8192,31566
2025-03-07 04:10:24,USDJPY,59 %,41 %,1288,885,7778,3937
2025-03-07 04:10:24,USDCHF,70 %,30 %,1398,585,7079,4040
2025-03-07 04:10:24,AUDUSD,69 %,31 %,2894,1301,10436,5997
2025-03-07 04:10:24,NZDUSD,73 %,27 %,3493,1261,12589,5222
2025-03-07 04:10:24,USDCAD,27 %,73 %,2461,6692,8418,21603
2025-03-07 04:10:24,EURGBP,18 %,82 %,635,2901,3887,14053
2025-03-07 04:10:24,EURJPY,42 %,58 %,505,709,2530,3437
2025-03-07 04:10:24,EURCHF,28 %,72 %,455,1193,2983,5148
2025-03-07 04:10:24,GBPJPY,52 %,48 %,378,353,2200,2278
2025-03-07 04:10:24,GBPCHF,67 %,33 %,242,119,1769,1093
2025-03-07 04:10:24,AUDJPY,73 %,27 %,251,94,1683,1053
2025-03-07 04:10:24,AUDNZD,66 %,34 %,2452,1242,21911,9791
2025-03-07 04:10:24,NZDJPY,73 %,27 %,214,79,1885,866
2025-03-07 04:10:24,CADJPY,84 %,16 %,282,53,2276,756
2025-03-07 04:10:24,EURAUD,4 %,96 %,220,5487,874,13941
2025-03-07 04:10:24,AUDCAD,64 %,36 %,2111,1187,16506,6685
2025-03-07 04:10:24,AUDNZD,66 %,34 %,2452,1242,21911,9791
2025-03-07 04:10:24,EURNZD,8 %,92 %,136,1657,618,7773
2025-03-07 04:10:24,GBPCAD,2 %,98 %,69,3142,740,10888
2025-03-07 04:10:24,NZDCAD,54 %,46 %,1548,1321,14200,14872
2025-03-07 08:11:11,EURUSD,15 %,85 %,6552,37116,19301,96750
2025-03-07 08:11:11,GBPUSD,17 %,83 %,2291,11446,8045,31846
2025-03-07 08:11:11,USDJPY,58 %,42 %,1214,888,7572,3872
2025-03-07 08:11:11,USDCHF,74 %,26 %,1620,576,7509,3976
2025-03-07 08:11:11,AUDUSD,74 %,26 %,3357,1179,11081,5607
2025-03-07 08:11:11,NZDUSD,76 %,24 %,3604,1145,13059,4273
2025-03-07 08:11:11,USDCAD,27 %,73 %,2466,6741,8520,21898
2025-03-07 08:11:11,EURGBP,18 %,82 %,584,2719,3603,13117
2025-03-07 08:11:11,EURJPY,42 %,58 %,486,668,2413,3484
2025-03-07 08:11:11,EURCHF,28 %,72 %,451,1187,2906,5166
2025-03-07 08:11:11,GBPJPY,50 %,50 %,371,372,2147,2442
2025-03-07 08:11:11,GBPCHF,73 %,27 %,305,111,1950,1062
2025-03-07 08:11:11,AUDJPY,71 %,29 %,254,102,1706,1058
2025-03-07 08:11:11,AUDNZD,67 %,33 %,2511,1224,22942,9892
2025-03-07 08:11:11,NZDJPY,73 %,27 %,222,81,1945,863
2025-03-07 08:11:11,CADJPY,85 %,15 %,283,51,2300,724
2025-03-07 08:11:11,EURAUD,3 %,97 %,188,5979,888,14642
2025-03-07 08:11:11,AUDCAD,73 %,27 %,2667,1002,19909,5591
2025-03-07 08:11:11,AUDNZD,67 %,33 %,2511,1224,22942,9892
2025-03-07 08:11:11,EURNZD,5 %,95 %,108,1904,514,8261
2025-03-07 08:11:11,GBPCAD,2 %,98 %,68,3157,718,10962
2025-03-07 08:11:11,NZDCAD,65 %,35 %,1856,999,16557,8883
2025-03-07 12:14:17,EURUSD,15 %,85 %,7463,42135,21489,101833
2025-03-07 12:14:17,GBPUSD,16 %,84 %,2269,11925,8230,33180
2025-03-07 12:14:17,USDJPY,55 %,45 %,1221,1004,7434,4228
2025-03-07 12:14:17,USDCHF,80 %,20 %,1905,462,8280,3408
2025-03-07 12:14:17,AUDUSD,69 %,31 %,2647,1168,10235,5570
2025-03-07 12:14:17,NZDUSD,76 %,24 %,3563,1147,12737,4273
2025-03-07 12:14:17,USDCAD,26 %,74 %,2412,6794,8358,21882
2025-03-07 12:14:17,EURGBP,17 %,83 %,618,2958,3517,13681
2025-03-07 12:14:17,EURJPY,39 %,61 %,442,680,2237,3552
2025-03-07 12:14:17,EURCHF,27 %,73 %,445,1187,2829,5153
2025-03-07 12:14:17,GBPJPY,51 %,49 %,403,392,2158,2426
2025-03-07 12:14:17,GBPCHF,77 %,23 %,338,101,1972,1010
2025-03-07 12:14:17,AUDJPY,72 %,28 %,261,102,1713,1048
2025-03-07 12:14:17,AUDNZD,68 %,32 %,2648,1235,24753,9756
2025-03-07 12:14:17,NZDJPY,70 %,30 %,216,92,1919,901
2025-03-07 12:14:17,CADJPY,85 %,15 %,284,51,2291,732
2025-03-07 12:14:17,EURAUD,3 %,97 %,196,6218,964,15126
2025-03-07 12:14:17,AUDCAD,72 %,28 %,2578,977,19659,6053
2025-03-07 12:14:17,AUDNZD,68 %,32 %,2648,1235,24753,9756
2025-03-07 12:14:17,EURNZD,5 %,95 %,106,2044,493,8465
2025-03-07 12:14:17,GBPCAD,2 %,98 %,66,3253,569,11265
2025-03-07 12:14:17,NZDCAD,62 %,38 %,1570,966,15746,8687
2025-03-07 16:09:33,EURUSD,17 %,83 %,7686,38354,20020,97180
2025-03-07 16:09:33,GBPUSD,16 %,84 %,2237,11440,7844,32576
2025-03-07 16:09:33,USDJPY,58 %,42 %,1248,915,7432,3688
2025-03-07 16:09:33,USDCHF,80 %,20 %,1705,427,7999,3296
2025-03-07 16:09:33,AUDUSD,72 %,28 %,2636,1034,10026,5048
2025-03-07 16:09:33,NZDUSD,77 %,23 %,3585,1081,12827,3864
2025-03-07 16:09:33,USDCAD,23 %,77 %,2168,7060,7628,22528
2025-03-07 16:09:33,EURGBP,14 %,86 %,515,3202,3468,14104
2025-03-07 16:09:33,EURJPY,40 %,60 %,449,660,2253,3367
2025-03-07 16:09:33,EURCHF,24 %,76 %,370,1180,2527,5041
2025-03-07 16:09:33,GBPJPY,51 %,49 %,398,380,2122,2296
2025-03-07 16:09:33,GBPCHF,71 %,29 %,255,102,1716,1229
2025-03-07 16:09:33,AUDJPY,79 %,21 %,260,70,1682,910
2025-03-07 16:09:33,AUDNZD,68 %,32 %,2688,1285,25144,10109
2025-03-07 16:09:33,NZDJPY,72 %,28 %,217,84,1915,797
2025-03-07 16:09:33,CADJPY,83 %,17 %,279,56,2309,750
2025-03-07 16:09:33,EURAUD,4 %,96 %,273,6123,1084,14412
2025-03-07 16:09:33,AUDCAD,54 %,46 %,1591,1378,12607,9058
2025-03-07 16:09:33,AUDNZD,68 %,32 %,2688,1285,25144,10109
2025-03-07 16:09:33,EURNZD,5 %,95 %,104,1980,534,8455
2025-03-07 16:09:33,GBPCAD,2 %,98 %,62,3372,449,11947
2025-03-07 16:09:33,NZDCAD,57 %,43 %,1384,1026,14091,9978
2025-03-07 20:09:11,EURUSD,18 %,82 %,7866,36535,21140,91445
2025-03-07 20:09:11,GBPUSD,17 %,83 %,2327,11350,8495,32367
2025-03-07 20:09:11,USDJPY,54 %,46 %,1248,1046,7793,4175
2025-03-07 20:09:11,USDCHF,75 %,25 %,1676,567,7808,3771
2025-03-07 20:09:11,AUDUSD,72 %,28 %,2662,1033,10055,5101
2025-03-07 20:09:11,NZDUSD,78 %,22 %,3596,1041,12934,3759
2025-03-07 20:09:11,USDCAD,24 %,76 %,2237,7008,7500,22777
2025-03-07 20:09:11,EURGBP,15 %,85 %,514,2930,3543,13464
2025-03-07 20:09:11,EURJPY,41 %,59 %,447,651,2255,3391
2025-03-07 20:09:11,EURCHF,25 %,75 %,372,1144,2560,4990
2025-03-07 20:09:11,GBPJPY,51 %,49 %,404,388,2177,2351
2025-03-07 20:09:11,GBPCHF,70 %,30 %,229,98,1654,1149
2025-03-07 20:09:11,AUDJPY,76 %,24 %,245,78,1622,983
2025-03-07 20:09:11,AUDNZD,59 %,41 %,2130,1478,20353,11653
2025-03-07 20:09:11,NZDJPY,72 %,28 %,225,87,1925,832
2025-03-07 20:09:11,CADJPY,83 %,17 %,289,58,2299,794
2025-03-07 20:09:11,EURAUD,4 %,96 %,237,5682,1129,14025
2025-03-07 20:09:11,AUDCAD,32 %,68 %,942,1986,10318,12559
2025-03-07 20:09:11,AUDNZD,59 %,41 %,2130,1480,20330,11656
2025-03-07 20:09:11,EURNZD,5 %,95 %,109,1957,577,8352
2025-03-07 20:09:11,GBPCAD,4 %,96 %,140,3500,538,11798
2025-03-07 20:09:11,NZDCAD,54 %,46 %,1307,1094,11697,12425
2025-03-08 00:30:52,EURUSD,17 %,83 %,7722,36639,20632,91787
2025-03-08 00:30:52,GBPUSD,17 %,83 %,2268,11405,8240,32556
2025-03-08 00:30:52,USDJPY,55 %,45 %,1242,1004,7931,4142
2025-03-08 00:30:52,USDCHF,75 %,25 %,1687,548,7884,3629
2025-03-08 00:30:52,AUDUSD,71 %,29 %,2636,1079,9978,5284
2025-03-08 00:30:52,NZDUSD,77 %,23 %,3595,1045,12904,3799
2025-03-08 00:30:52,USDCAD,25 %,75 %,2380,6972,7764,22745
2025-03-08 00:30:52,EURGBP,15 %,85 %,519,2920,3589,13413
2025-03-08 00:30:52,EURJPY,40 %,60 %,445,654,2299,3429
2025-03-08 00:30:52,EURCHF,24 %,76 %,363,1145,2535,5000
2025-03-08 00:30:52,GBPJPY,50 %,50 %,400,395,2155,2334
2025-03-08 00:30:52,GBPCHF,70 %,30 %,229,100,1640,1158
2025-03-08 00:30:52,AUDJPY,75 %,25 %,243,80,1586,1012
2025-03-08 00:30:52,AUDNZD,59 %,41 %,2122,1476,20234,11696
2025-03-08 00:30:52,NZDJPY,71 %,29 %,223,89,1904,853
2025-03-08 00:30:52,CADJPY,82 %,18 %,284,60,2284,812
2025-03-08 00:30:52,EURAUD,4 %,96 %,239,5704,1169,14025
2025-03-08 00:30:52,AUDCAD,32 %,68 %,944,1985,10304,12565
2025-03-08 00:30:52,AUDNZD,59 %,41 %,2122,1476,20234,11696
2025-03-08 00:30:52,EURNZD,5 %,95 %,104,1959,563,8344
2025-03-08 00:30:52,GBPCAD,4 %,96 %,140,3502,533,11707
2025-03-08 00:30:52,NZDCAD,54 %,46 %,1310,1095,11708,12421
2025-03-08 04:08:00,EURUSD,17 %,83 %,7722,36639,20632,91787
2025-03-08 04:08:00,GBPUSD,17 %,83 %,2268,11405,8240,32556
2025-03-08 04:08:00,USDJPY,55 %,45 %,1242,1004,7931,4142
2025-03-08 04:08:00,USDCHF,75 %,25 %,1687,548,7884,3629
2025-03-08 04:08:00,AUDUSD,71 %,29 %,2636,1079,9978,5284
2025-03-08 04:08:00,NZDUSD,77 %,23 %,3595,1045,12904,3799
2025-03-08 04:08:00,USDCAD,25 %,75 %,2380,6972,7764,22745
2025-03-08 04:08:00,EURGBP,15 %,85 %,519,2920,3589,13413
2025-03-08 04:08:00,EURJPY,40 %,60 %,445,654,2299,3429
2025-03-08 04:08:00,EURCHF,24 %,76 %,363,1145,2535,5000
2025-03-08 04:08:00,GBPJPY,50 %,50 %,400,395,2155,2334
2025-03-08 04:08:00,GBPCHF,70 %,30 %,229,100,1640,1158
2025-03-08 04:08:00,AUDJPY,75 %,25 %,243,80,1586,1012
2025-03-08 04:08:00,AUDNZD,59 %,41 %,2122,1476,20234,11696
2025-03-08 04:08:00,NZDJPY,71 %,29 %,223,89,1904,853
2025-03-08 04:08:00,CADJPY,82 %,18 %,284,60,2284,812
2025-03-08 04:08:00,EURAUD,4 %,96 %,239,5704,1169,14025
2025-03-08 04:08:00,AUDCAD,32 %,68 %,944,1985,10304,12565
2025-03-08 04:08:00,AUDNZD,59 %,41 %,2122,1476,20234,11696
2025-03-08 04:08:00,EURNZD,5 %,95 %,104,1959,563,8344
2025-03-08 04:08:00,GBPCAD,4 %,96 %,140,3502,533,11707
2025-03-08 04:08:00,NZDCAD,54 %,46 %,1310,1095,11708,12421
2025-03-08 08:07:47,EURUSD,17 %,83 %,7722,36639,20632,91787
2025-03-08 08:07:47,GBPUSD,17 %,83 %,2268,11405,8240,32556
2025-03-08 08:07:47,USDJPY,55 %,45 %,1242,1004,7931,4142
2025-03-08 08:07:47,USDCHF,75 %,25 %,1687,548,7884,3629
2025-03-08 08:07:47,AUDUSD,71 %,29 %,2636,1079,9978,5284
2025-03-08 08:07:47,NZDUSD,77 %,23 %,3595,1045,12904,3799
2025-03-08 08:07:47,USDCAD,25 %,75 %,2380,6972,7764,22745
2025-03-08 08:07:47,EURGBP,15 %,85 %,519,2920,3589,13413
2025-03-08 08:07:47,EURJPY,40 %,60 %,445,654,2299,3429
2025-03-08 08:07:47,EURCHF,24 %,76 %,363,1145,2535,5000
2025-03-08 08:07:47,GBPJPY,50 %,50 %,400,395,2155,2334
2025-03-08 08:07:47,GBPCHF,70 %,30 %,229,100,1640,1158
2025-03-08 08:07:47,AUDJPY,75 %,25 %,243,80,1586,1012
2025-03-08 08:07:47,AUDNZD,59 %,41 %,2122,1476,20234,11696
2025-03-08 08:07:47,NZDJPY,71 %,29 %,223,89,1904,853
2025-03-08 08:07:47,CADJPY,82 %,18 %,284,60,2284,812
2025-03-08 08:07:47,EURAUD,4 %,96 %,239,5704,1169,14025
2025-03-08 08:07:47,AUDCAD,32 %,68 %,944,1985,10304,12565
2025-03-08 08:07:47,AUDNZD,59 %,41 %,2122,1476,20234,11696
2025-03-08 08:07:47,EURNZD,5 %,95 %,104,1959,563,8344
2025-03-08 08:07:47,GBPCAD,4 %,96 %,140,3502,533,11707
2025-03-08 08:07:47,NZDCAD,54 %,46 %,1310,1095,11708,12421
2025-03-08 12:10:28,EURUSD,17 %,83 %,7722,36639,20632,91787
2025-03-08 12:10:28,GBPUSD,17 %,83 %,2268,11405,8240,32556
2025-03-08 12:10:28,USDJPY,55 %,45 %,1242,1004,7931,4142
2025-03-08 12:10:28,USDCHF,75 %,25 %,1687,548,7884,3629
2025-03-08 12:10:28,AUDUSD,71 %,29 %,2636,1079,9978,5284
2025-03-08 12:10:28,NZDUSD,77 %,23 %,3595,1045,12904,3799
2025-03-08 12:10:28,USDCAD,25 %,75 %,2380,6972,7764,22745
2025-03-08 12:10:28,EURGBP,15 %,85 %,519,2920,3589,13413
2025-03-08 12:10:28,EURJPY,40 %,60 %,445,654,2299,3429
2025-03-08 12:10:28,EURCHF,24 %,76 %,363,1145,2535,5000
2025-03-08 12:10:28,GBPJPY,50 %,50 %,400,395,2155,2334
2025-03-08 12:10:28,GBPCHF,70 %,30 %,229,100,1640,1158
2025-03-08 12:10:28,AUDJPY,75 %,25 %,243,80,1586,1012
2025-03-08 12:10:28,AUDNZD,59 %,41 %,2122,1476,20234,11696
2025-03-08 12:10:28,NZDJPY,71 %,29 %,223,89,1904,853
2025-03-08 12:10:28,CADJPY,82 %,18 %,284,60,2284,812
2025-03-08 12:10:28,EURAUD,4 %,96 %,239,5704,1169,14025
2025-03-08 12:10:28,AUDCAD,32 %,68 %,944,1985,10304,12565
2025-03-08 12:10:28,AUDNZD,59 %,41 %,2122,1476,20234,11696
2025-03-08 12:10:28,EURNZD,5 %,95 %,104,1959,563,8344
2025-03-08 12:10:28,GBPCAD,4 %,96 %,140,3502,533,11707
2025-03-08 12:10:28,NZDCAD,54 %,46 %,1310,1095,11708,12421
2025-03-08 16:06:49,EURUSD,17 %,83 %,7722,36639,20632,91787
2025-03-08 16:06:49,GBPUSD,17 %,83 %,2268,11405,8240,32556
2025-03-08 16:06:49,USDJPY,55 %,45 %,1242,1004,7931,4142
2025-03-08 16:06:49,USDCHF,75 %,25 %,1687,548,7884,3629
2025-03-08 16:06:49,AUDUSD,71 %,29 %,2636,1079,9978,5284
2025-03-08 16:06:49,NZDUSD,77 %,23 %,3595,1045,12904,3799
2025-03-08 16:06:49,USDCAD,25 %,75 %,2380,6972,7764,22745
2025-03-08 16:06:49,EURGBP,15 %,85 %,519,2920,3589,13413
2025-03-08 16:06:49,EURJPY,40 %,60 %,445,654,2299,3429
2025-03-08 16:06:49,EURCHF,24 %,76 %,363,1145,2535,5000
2025-03-08 16:06:49,GBPJPY,50 %,50 %,400,395,2155,2334
2025-03-08 16:06:49,GBPCHF,70 %,30 %,229,100,1640,1158
2025-03-08 16:06:49,AUDJPY,75 %,25 %,243,80,1586,1012
2025-03-08 16:06:49,AUDNZD,59 %,41 %,2122,1476,20234,11696
2025-03-08 16:06:49,NZDJPY,71 %,29 %,223,89,1904,853
2025-03-08 16:06:49,CADJPY,82 %,18 %,284,60,2284,812
2025-03-08 16:06:49,EURAUD,4 %,96 %,239,5704,1169,14025
2025-03-08 16:06:49,AUDCAD,32 %,68 %,944,1985,10304,12565
2025-03-08 16:06:49,AUDNZD,59 %,41 %,2122,1476,20234,11696
2025-03-08 16:06:49,EURNZD,5 %,95 %,104,1959,563,8344
2025-03-08 16:06:49,GBPCAD,4 %,96 %,140,3502,533,11707
2025-03-08 16:06:49,NZDCAD,54 %,46 %,1310,1095,11708,12421
2025-03-08 20:04:46,EURUSD,17 %,83 %,7722,36639,20632,91787
2025-03-08 20:04:46,GBPUSD,17 %,83 %,2268,11405,8240,32556
2025-03-08 20:04:46,USDJPY,55 %,45 %,1242,1004,7931,4142
2025-03-08 20:04:46,USDCHF,75 %,25 %,1687,548,7884,3629
2025-03-08 20:04:46,AUDUSD,71 %,29 %,2636,1079,9978,5284
2025-03-08 20:04:46,NZDUSD,77 %,23 %,3595,1045,12904,3799
2025-03-08 20:04:46,USDCAD,25 %,75 %,2380,6972,7764,22745
2025-03-08 20:04:46,EURGBP,15 %,85 %,519,2920,3589,13413
2025-03-08 20:04:46,EURJPY,40 %,60 %,445,654,2299,3429
2025-03-08 20:04:46,EURCHF,24 %,76 %,363,1145,2535,5000
2025-03-08 20:04:46,GBPJPY,50 %,50 %,400,395,2155,2334
2025-03-08 20:04:46,GBPCHF,70 %,30 %,229,100,1640,1158
2025-03-08 20:04:46,AUDJPY,75 %,25 %,243,80,1586,1012
2025-03-08 20:04:46,AUDNZD,59 %,41 %,2122,1476,20234,11696
2025-03-08 20:04:46,NZDJPY,71 %,29 %,223,89,1904,853
2025-03-08 20:04:46,CADJPY,82 %,18 %,284,60,2284,812
2025-03-08 20:04:46,EURAUD,4 %,96 %,239,5704,1169,14025
2025-03-08 20:04:46,AUDCAD,32 %,68 %,944,1985,10304,12565
2025-03-08 20:04:46,AUDNZD,59 %,41 %,2122,1476,20234,11696
2025-03-08 20:04:46,EURNZD,5 %,95 %,104,1959,563,8344
2025-03-08 20:04:46,GBPCAD,4 %,96 %,140,3502,533,11707
2025-03-08 20:04:46,NZDCAD,54 %,46 %,1310,1095,11708,12421
2025-03-09 00:34:44,EURUSD,17 %,83 %,7722,36639,20632,91787
2025-03-09 00:34:44,GBPUSD,17 %,83 %,2268,11405,8240,32556
2025-03-09 00:34:44,USDJPY,55 %,45 %,1242,1004,7931,4142
2025-03-09 00:34:44,USDCHF,75 %,25 %,1687,548,7884,3629
2025-03-09 00:34:44,AUDUSD,71 %,29 %,2636,1079,9978,5284
2025-03-09 00:34:44,NZDUSD,77 %,23 %,3595,1045,12904,3799
2025-03-09 00:34:44,USDCAD,25 %,75 %,2380,6972,7764,22745
2025-03-09 00:34:44,EURGBP,15 %,85 %,519,2920,3589,13413
2025-03-09 00:34:44,EURJPY,40 %,60 %,445,654,2299,3429
2025-03-09 00:34:44,EURCHF,24 %,76 %,363,1145,2535,5000
2025-03-09 00:34:44,GBPJPY,50 %,50 %,400,395,2155,2334
2025-03-09 00:34:44,GBPCHF,70 %,30 %,229,100,1640,1158
2025-03-09 00:34:44,AUDJPY,75 %,25 %,243,80,1586,1012
2025-03-09 00:34:44,AUDNZD,59 %,41 %,2122,1476,20234,11696
2025-03-09 00:34:44,NZDJPY,71 %,29 %,223,89,1904,853
2025-03-09 00:34:44,CADJPY,82 %,18 %,284,60,2284,812
2025-03-09 00:34:44,EURAUD,4 %,96 %,239,5704,1169,14025
2025-03-09 00:34:44,AUDCAD,32 %,68 %,944,1985,10304,12565
2025-03-09 00:34:44,AUDNZD,59 %,41 %,2122,1476,20234,11696
2025-03-09 00:34:44,EURNZD,5 %,95 %,104,1959,563,8344
2025-03-09 00:34:44,GBPCAD,4 %,96 %,140,3502,533,11707
2025-03-09 00:34:44,NZDCAD,54 %,46 %,1310,1095,11708,12421
2025-03-09 04:07:42,EURUSD,17 %,83 %,7722,36639,20632,91787
2025-03-09 04:07:42,GBPUSD,17 %,83 %,2268,11405,8240,32556
2025-03-09 04:07:42,USDJPY,55 %,45 %,1242,1004,7931,4142
2025-03-09 04:07:42,USDCHF,75 %,25 %,1687,548,7884,3629
2025-03-09 04:07:42,AUDUSD,71 %,29 %,2636,1079,9978,5284
2025-03-09 04:07:42,NZDUSD,77 %,23 %,3595,1045,12904,3799
2025-03-09 04:07:42,USDCAD,25 %,75 %,2380,6972,7764,22745
2025-03-09 04:07:42,EURGBP,15 %,85 %,519,2920,3589,13413
2025-03-09 04:07:42,EURJPY,40 %,60 %,445,654,2299,3429
2025-03-09 04:07:42,EURCHF,24 %,76 %,363,1145,2535,5000
2025-03-09 04:07:42,GBPJPY,50 %,50 %,400,395,2155,2334
2025-03-09 04:07:42,GBPCHF,70 %,30 %,229,100,1640,1158
2025-03-09 04:07:42,AUDJPY,75 %,25 %,243,80,1586,1012
2025-03-09 04:07:42,AUDNZD,59 %,41 %,2122,1476,20234,11696
2025-03-09 04:07:42,NZDJPY,71 %,29 %,223,89,1904,853
2025-03-09 04:07:42,CADJPY,82 %,18 %,284,60,2284,812
2025-03-09 04:07:42,EURAUD,4 %,96 %,239,5704,1169,14025
2025-03-09 04:07:42,AUDCAD,32 %,68 %,944,1985,10304,12565
2025-03-09 04:07:42,AUDNZD,59 %,41 %,2122,1476,20234,11696
2025-03-09 04:07:42,EURNZD,5 %,95 %,104,1959,563,8344
2025-03-09 04:07:42,GBPCAD,4 %,96 %,140,3502,533,11707
2025-03-09 04:07:42,NZDCAD,54 %,46 %,1310,1095,11708,12421
2025-03-09 08:08:48,EURUSD,17 %,83 %,7722,36639,20632,91787
2025-03-09 08:08:48,GBPUSD,17 %,83 %,2268,11405,8240,32556
2025-03-09 08:08:48,USDJPY,55 %,45 %,1242,1004,7931,4142
2025-03-09 08:08:48,USDCHF,75 %,25 %,1687,548,7884,3629
2025-03-09 08:08:48,AUDUSD,71 %,29 %,2636,1079,9978,5284
2025-03-09 08:08:48,NZDUSD,77 %,23 %,3595,1045,12904,3799
2025-03-09 08:08:48,USDCAD,25 %,75 %,2380,6972,7764,22745
2025-03-09 08:08:48,EURGBP,15 %,85 %,519,2920,3589,13413
2025-03-09 08:08:48,EURJPY,40 %,60 %,445,654,2299,3429
2025-03-09 08:08:48,EURCHF,24 %,76 %,363,1145,2535,5000
2025-03-09 08:08:48,GBPJPY,50 %,50 %,400,395,2155,2334
2025-03-09 08:08:48,GBPCHF,70 %,30 %,229,100,1640,1158
2025-03-09 08:08:48,AUDJPY,75 %,25 %,243,80,1586,1012
2025-03-09 08:08:48,AUDNZD,59 %,41 %,2122,1476,20234,11696
2025-03-09 08:08:48,NZDJPY,71 %,29 %,223,89,1904,853
2025-03-09 08:08:48,CADJPY,82 %,18 %,284,60,2284,812
2025-03-09 08:08:48,EURAUD,4 %,96 %,239,5704,1169,14025
2025-03-09 08:08:48,AUDCAD,32 %,68 %,944,1985,10304,12565
2025-03-09 08:08:48,AUDNZD,59 %,41 %,2122,1476,20234,11696
2025-03-09 08:08:48,EURNZD,5 %,95 %,104,1959,563,8344
2025-03-09 08:08:48,GBPCAD,4 %,96 %,140,3502,533,11707
2025-03-09 08:08:48,NZDCAD,54 %,46 %,1310,1095,11708,12421
2025-03-09 12:10:24,EURUSD,17 %,83 %,7722,36639,20632,91787
2025-03-09 12:10:24,GBPUSD,17 %,83 %,2268,11405,8240,32556
2025-03-09 12:10:24,USDJPY,55 %,45 %,1242,1004,7931,4142
2025-03-09 12:10:24,USDCHF,75 %,25 %,1687,548,7884,3629
2025-03-09 12:10:24,AUDUSD,71 %,29 %,2636,1079,9978,5284
2025-03-09 12:10:24,NZDUSD,77 %,23 %,3595,1045,12904,3799
2025-03-09 12:10:24,USDCAD,25 %,75 %,2380,6972,7764,22745
2025-03-09 12:10:24,EURGBP,15 %,85 %,519,2920,3589,13413
2025-03-09 12:10:24,EURJPY,40 %,60 %,445,654,2299,3429
2025-03-09 12:10:24,EURCHF,24 %,76 %,363,1145,2535,5000
2025-03-09 12:10:24,GBPJPY,50 %,50 %,400,395,2155,2334
2025-03-09 12:10:24,GBPCHF,70 %,30 %,229,100,1640,1158
2025-03-09 12:10:24,AUDJPY,75 %,25 %,243,80,1586,1012
2025-03-09 12:10:24,AUDNZD,59 %,41 %,2122,1476,20234,11696
2025-03-09 12:10:24,NZDJPY,71 %,29 %,223,89,1904,853
2025-03-09 12:10:24,CADJPY,82 %,18 %,284,60,2284,812
2025-03-09 12:10:24,EURAUD,4 %,96 %,239,5704,1169,14025
2025-03-09 12:10:24,AUDCAD,32 %,68 %,944,1985,10304,12565
2025-03-09 12:10:24,AUDNZD,59 %,41 %,2122,1476,20234,11696
2025-03-09 12:10:24,EURNZD,5 %,95 %,104,1959,563,8344
2025-03-09 12:10:24,GBPCAD,4 %,96 %,140,3502,533,11707
2025-03-09 12:10:24,NZDCAD,54 %,46 %,1310,1095,11708,12421
2025-03-09 16:06:56,EURUSD,17 %,83 %,7722,36639,20632,91787
2025-03-09 16:06:56,GBPUSD,17 %,83 %,2268,11405,8240,32556
2025-03-09 16:06:56,USDJPY,55 %,45 %,1242,1004,7931,4142
2025-03-09 16:06:56,USDCHF,75 %,25 %,1687,548,7884,3629
2025-03-09 16:06:56,AUDUSD,71 %,29 %,2636,1079,9978,5284
2025-03-09 16:06:56,NZDUSD,77 %,23 %,3595,1045,12904,3799
2025-03-09 16:06:56,USDCAD,25 %,75 %,2380,6972,7764,22745
2025-03-09 16:06:56,EURGBP,15 %,85 %,519,2920,3589,13413
2025-03-09 16:06:56,EURJPY,40 %,60 %,445,654,2299,3429
2025-03-09 16:06:56,EURCHF,24 %,76 %,363,1145,2535,5000
2025-03-09 16:06:56,GBPJPY,50 %,50 %,400,395,2155,2334
2025-03-09 16:06:56,GBPCHF,70 %,30 %,229,100,1640,1158
2025-03-09 16:06:56,AUDJPY,75 %,25 %,243,80,1586,1012
2025-03-09 16:06:56,AUDNZD,59 %,41 %,2122,1476,20234,11696
2025-03-09 16:06:56,NZDJPY,71 %,29 %,223,89,1904,853
2025-03-09 16:06:56,CADJPY,82 %,18 %,284,60,2284,812
2025-03-09 16:06:56,EURAUD,4 %,96 %,239,5704,1169,14025
2025-03-09 16:06:56,AUDCAD,32 %,68 %,944,1985,10304,12565
2025-03-09 16:06:56,AUDNZD,59 %,41 %,2122,1476,20234,11696
2025-03-09 16:06:56,EURNZD,5 %,95 %,104,1959,563,8344
2025-03-09 16:06:56,GBPCAD,4 %,96 %,140,3502,533,11707
2025-03-09 16:06:56,NZDCAD,54 %,46 %,1310,1095,11708,12421
2025-03-09 20:06:57,EURUSD,17 %,83 %,7722,36639,20632,91787
2025-03-09 20:06:57,GBPUSD,17 %,83 %,2268,11405,8240,32556
2025-03-09 20:06:57,USDJPY,55 %,45 %,1242,1004,7931,4142
2025-03-09 20:06:57,USDCHF,75 %,25 %,1687,548,7884,3629
2025-03-09 20:06:57,AUDUSD,71 %,29 %,2636,1079,9978,5284
2025-03-09 20:06:57,NZDUSD,77 %,23 %,3595,1045,12904,3799
2025-03-09 20:06:57,USDCAD,25 %,75 %,2380,6972,7764,22745
2025-03-09 20:06:57,EURGBP,15 %,85 %,519,2920,3589,13413
2025-03-09 20:06:57,EURJPY,40 %,60 %,445,654,2299,3429
2025-03-09 20:06:57,EURCHF,24 %,76 %,363,1145,2535,5000
2025-03-09 20:06:57,GBPJPY,50 %,50 %,400,395,2155,2334
2025-03-09 20:06:57,GBPCHF,70 %,30 %,229,100,1640,1158
2025-03-09 20:06:57,AUDJPY,75 %,25 %,243,80,1586,1012
2025-03-09 20:06:57,AUDNZD,59 %,41 %,2122,1476,20234,11696
2025-03-09 20:06:57,NZDJPY,71 %,29 %,223,89,1904,853
2025-03-09 20:06:57,CADJPY,82 %,18 %,284,60,2284,812
2025-03-09 20:06:57,EURAUD,4 %,96 %,239,5704,1169,14025
2025-03-09 20:06:57,AUDCAD,32 %,68 %,944,1985,10304,12565
2025-03-09 20:06:57,AUDNZD,59 %,41 %,2122,1476,20234,11696
2025-03-09 20:06:57,EURNZD,5 %,95 %,104,1959,563,8344
2025-03-09 20:06:57,GBPCAD,4 %,96 %,140,3502,533,11707
2025-03-09 20:06:57,NZDCAD,54 %,46 %,1310,1095,11708,12421
2025-03-10 00:33:42,EURUSD,18 %,82 %,7482,34142,19754,86723
2025-03-10 00:33:42,GBPUSD,17 %,83 %,2218,11207,7685,31600
2025-03-10 00:33:42,USDJPY,56 %,44 %,1218,950,7773,3697
2025-03-10 00:33:42,USDCHF,76 %,24 %,1679,536,7710,3367
2025-03-10 00:33:42,AUDUSD,72 %,28 %,2615,996,9562,4961
2025-03-10 00:33:42,NZDUSD,78 %,22 %,3544,971,12449,3501
2025-03-10 00:33:42,USDCAD,25 %,75 %,2370,6961,7548,22323
2025-03-10 00:33:42,EURGBP,15 %,85 %,512,2820,3408,12972
2025-03-10 00:33:42,EURJPY,42 %,58 %,443,615,2174,2734
2025-03-10 00:33:42,EURCHF,27 %,73 %,364,962,2429,4524
2025-03-10 00:33:42,GBPJPY,50 %,50 %,374,381,1959,1573
2025-03-10 00:33:42,GBPCHF,69 %,31 %,216,98,1493,869
2025-03-10 00:33:42,AUDJPY,76 %,24 %,240,76,1450,728
2025-03-10 00:33:42,AUDNZD,60 %,40 %,2109,1394,19933,11481
2025-03-10 00:33:42,NZDJPY,72 %,28 %,222,86,1765,634
2025-03-10 00:33:42,CADJPY,82 %,18 %,263,57,2129,570
2025-03-10 00:33:42,EURAUD,4 %,96 %,217,5521,950,13219
2025-03-10 00:33:42,AUDCAD,35 %,65 %,938,1767,10292,11749
2025-03-10 00:33:42,AUDNZD,60 %,40 %,2109,1394,19933,11481
2025-03-10 00:33:42,EURNZD,4 %,96 %,81,1880,319,7198
2025-03-10 00:33:42,GBPCAD,4 %,96 %,138,3494,395,10954
2025-03-10 00:33:42,NZDCAD,58 %,42 %,1311,963,11676,11943
2025-03-10 04:08:42,EURUSD,19 %,81 %,8006,34081,22320,86966
2025-03-10 04:08:42,GBPUSD,17 %,83 %,2273,11326,8354,31739
2025-03-10 04:08:42,USDJPY,54 %,46 %,1154,1000,7402,4095
2025-03-10 04:08:42,USDCHF,81 %,19 %,1865,443,8072,3189
2025-03-10 04:08:42,AUDUSD,74 %,26 %,2580,922,9324,4849
2025-03-10 04:08:42,NZDUSD,79 %,21 %,3534,968,12326,3575
2025-03-10 04:08:42,USDCAD,24 %,76 %,2207,6915,7552,22006
2025-03-10 04:08:42,EURGBP,16 %,84 %,535,2783,3574,12873
2025-03-10 04:08:42,EURJPY,42 %,58 %,448,626,2307,2712
2025-03-10 04:08:42,EURCHF,28 %,72 %,374,958,2600,4501
2025-03-10 04:08:42,GBPJPY,51 %,49 %,391,369,2131,1489
2025-03-10 04:08:42,GBPCHF,69 %,31 %,216,99,1560,866
2025-03-10 04:08:42,AUDJPY,80 %,20 %,243,62,1492,669
2025-03-10 04:08:42,AUDNZD,61 %,39 %,2089,1340,19795,11204
2025-03-10 04:08:42,NZDJPY,75 %,25 %,224,76,1771,588
2025-03-10 04:08:42,CADJPY,82 %,18 %,265,59,2168,533
2025-03-10 04:08:42,EURAUD,4 %,96 %,202,5506,1025,13069
2025-03-10 04:08:42,AUDCAD,35 %,65 %,947,1724,11076,11775
2025-03-10 04:08:42,AUDNZD,61 %,39 %,2089,1340,19795,11204
2025-03-10 04:08:42,EURNZD,4 %,96 %,82,1862,373,6977
2025-03-10 04:08:42,GBPCAD,4 %,96 %,147,3497,476,10952
2025-03-10 04:08:42,NZDCAD,59 %,41 %,1352,932,12481,11932
2025-03-10 08:09:53,EURUSD,20 %,80 %,8641,33668,23890,86368
2025-03-10 08:09:53,GBPUSD,17 %,83 %,2316,11105,8784,31406
2025-03-10 08:09:53,USDJPY,56 %,44 %,1108,862,7242,3687
2025-03-10 08:09:53,USDCHF,77 %,23 %,1705,521,7807,3466
2025-03-10 08:09:53,AUDUSD,73 %,27 %,2556,948,9092,5219
2025-03-10 08:09:53,NZDUSD,78 %,22 %,3551,992,12256,3617
2025-03-10 08:09:53,USDCAD,24 %,76 %,2194,6904,7556,21965
2025-03-10 08:09:53,EURGBP,16 %,84 %,523,2740,3625,12872
2025-03-10 08:09:53,EURJPY,41 %,59 %,432,618,2280,2674
2025-03-10 08:09:53,EURCHF,28 %,72 %,379,952,2686,4486
2025-03-10 08:09:53,GBPJPY,52 %,48 %,406,377,2151,1476
2025-03-10 08:09:53,GBPCHF,69 %,31 %,214,96,1573,864
2025-03-10 08:09:53,AUDJPY,80 %,20 %,250,61,1490,695
2025-03-10 08:09:53,AUDNZD,60 %,40 %,2037,1345,18757,11645
2025-03-10 08:09:53,NZDJPY,75 %,25 %,228,76,1769,620
2025-03-10 08:09:53,CADJPY,80 %,20 %,266,66,2182,545
2025-03-10 08:09:53,EURAUD,6 %,94 %,304,5139,1340,12425
2025-03-10 08:09:53,AUDCAD,26 %,74 %,734,2119,9171,13842
2025-03-10 08:09:53,AUDNZD,60 %,40 %,2037,1345,18757,11644
2025-03-10 08:09:53,EURNZD,6 %,94 %,115,1697,536,6655
2025-03-10 08:09:53,GBPCAD,4 %,96 %,159,3517,624,10658
2025-03-10 08:09:53,NZDCAD,51 %,49 %,1160,1108,10203,14105
2025-03-10 12:15:02,EURUSD,19 %,81 %,7509,32981,20470,86331
2025-03-10 12:15:02,GBPUSD,17 %,83 %,2217,10908,7854,30921
2025-03-10 12:15:02,USDJPY,61 %,39 %,1364,879,8058,3480
2025-03-10 12:15:02,USDCHF,82 %,18 %,1822,399,8066,2988
2025-03-10 12:15:02,AUDUSD,73 %,27 %,2540,936,8964,5147
2025-03-10 12:15:02,NZDUSD,78 %,22 %,3530,1015,12103,3775
2025-03-10 12:15:02,USDCAD,24 %,76 %,2158,6976,7034,22292
2025-03-10 12:15:02,EURGBP,16 %,84 %,508,2695,3465,12743
2025-03-10 12:15:02,EURJPY,43 %,57 %,443,595,2373,2607
2025-03-10 12:15:02,EURCHF,35 %,65 %,389,713,2654,2272
2025-03-10 12:15:02,GBPJPY,49 %,51 %,371,385,2065,1617
2025-03-10 12:15:02,GBPCHF,72 %,28 %,211,83,1643,677
2025-03-10 12:15:02,AUDJPY,81 %,19 %,248,59,1516,652
2025-03-10 12:15:02,AUDNZD,64 %,36 %,2177,1225,19700,9792
2025-03-10 12:15:02,NZDJPY,76 %,24 %,230,73,1789,579
2025-03-10 12:15:02,CADJPY,83 %,17 %,272,56,2224,427
2025-03-10 12:15:02,EURAUD,5 %,95 %,221,4642,1219,11677
2025-03-10 12:15:02,AUDCAD,14 %,86 %,534,3412,6882,20649
2025-03-10 12:15:02,AUDNZD,64 %,36 %,2177,1225,19700,9792
2025-03-10 12:15:02,EURNZD,8 %,92 %,114,1371,478,5996
2025-03-10 12:15:02,GBPCAD,4 %,96 %,146,3571,473,10575
2025-03-10 12:15:02,NZDCAD,27 %,73 %,549,1510,6755,19566
2025-03-10 16:08:40,EURUSD,20 %,80 %,7436,30626,21676,81155
2025-03-10 16:08:40,GBPUSD,19 %,81 %,2529,10678,9234,30421
2025-03-10 16:08:40,USDJPY,53 %,47 %,1220,1078,7611,3851
2025-03-10 16:08:40,USDCHF,73 %,27 %,1681,616,7675,3576
2025-03-10 16:08:40,AUDUSD,75 %,25 %,2631,890,9621,4707
2025-03-10 16:08:40,NZDUSD,78 %,22 %,3526,1011,12139,3696
2025-03-10 16:08:40,USDCAD,23 %,77 %,2163,7327,6687,22878
2025-03-10 16:08:40,EURGBP,17 %,83 %,524,2652,3571,12291
2025-03-10 16:08:40,EURJPY,43 %,57 %,459,604,2497,2566
2025-03-10 16:08:40,EURCHF,36 %,64 %,388,690,2605,2572
2025-03-10 16:08:40,GBPJPY,50 %,50 %,381,377,2018,1584
2025-03-10 16:08:40,GBPCHF,69 %,31 %,193,87,1485,741
2025-03-10 16:08:40,AUDJPY,83 %,17 %,252,50,1547,616
2025-03-10 16:08:40,AUDNZD,68 %,32 %,2540,1170,24226,9394
2025-03-10 16:08:40,NZDJPY,77 %,23 %,228,67,1799,548
2025-03-10 16:08:40,CADJPY,83 %,17 %,283,57,2312,417
2025-03-10 16:08:40,EURAUD,4 %,96 %,197,4592,1172,11565
2025-03-10 16:08:40,AUDCAD,10 %,90 %,512,4466,4435,22594
2025-03-10 16:08:40,AUDNZD,68 %,32 %,2542,1170,24255,9393
2025-03-10 16:08:40,EURNZD,8 %,92 %,105,1283,474,5872
2025-03-10 16:08:40,GBPCAD,3 %,97 %,113,3704,440,10692
2025-03-10 16:08:40,NZDCAD,18 %,82 %,529,2337,6809,26646
2025-03-10 20:09:16,EURUSD,20 %,80 %,7479,30315,21905,80600
2025-03-10 20:09:16,GBPUSD,30 %,70 %,4412,10139,11471,25813
2025-03-10 20:09:16,USDJPY,54 %,46 %,1178,996,7513,3939
2025-03-10 20:09:16,USDCHF,64 %,36 %,1618,905,7413,4165
2025-03-10 20:09:16,AUDUSD,81 %,19 %,3269,777,10902,3748
2025-03-10 20:09:16,NZDUSD,79 %,21 %,3572,927,12556,3353
2025-03-10 20:09:16,USDCAD,24 %,76 %,2429,7732,7905,23560
2025-03-10 20:09:16,EURGBP,15 %,85 %,489,2719,3287,12731
2025-03-10 20:09:16,EURJPY,43 %,57 %,449,606,2398,2572
2025-03-10 20:09:16,EURCHF,35 %,65 %,377,693,2496,2511
2025-03-10 20:09:16,GBPJPY,51 %,49 %,390,372,1989,1586
2025-03-10 20:09:16,GBPCHF,71 %,29 %,208,84,1533,694
2025-03-10 20:09:16,AUDJPY,83 %,17 %,257,53,1568,587
2025-03-10 20:09:16,AUDNZD,71 %,29 %,2788,1154,27389,8728
2025-03-10 20:09:16,NZDJPY,79 %,21 %,232,62,1829,463
2025-03-10 20:09:16,CADJPY,83 %,17 %,284,57,2305,400
2025-03-10 20:09:16,EURAUD,4 %,96 %,200,4716,906,11834
2025-03-10 20:09:16,AUDCAD,39 %,61 %,1252,1931,11036,10456
2025-03-10 20:09:16,AUDNZD,71 %,29 %,2785,1155,27342,8743
2025-03-10 20:09:16,EURNZD,5 %,95 %,65,1261,310,6014
2025-03-10 20:09:16,GBPCAD,4 %,96 %,137,3658,646,10417
2025-03-10 20:09:16,NZDCAD,30 %,70 %,684,1615,9011,22190
2025-03-11 04:10:23,EURUSD,18 %,82 %,7077,31320,20495,86844
2025-03-11 04:10:23,GBPUSD,19 %,81 %,2423,10250,9353,26326
2025-03-11 04:10:23,USDJPY,56 %,44 %,1168,917,7452,3662
2025-03-11 04:10:23,USDCHF,81 %,19 %,1870,435,8256,3141
2025-03-11 04:10:23,AUDUSD,79 %,21 %,2811,725,10447,3792
2025-03-11 04:10:23,NZDUSD,82 %,18 %,3565,780,12809,2674
2025-03-11 04:10:23,USDCAD,16 %,84 %,1475,7567,4022,23911
2025-03-11 04:10:23,EURGBP,13 %,87 %,454,3019,3084,13675
2025-03-11 04:10:23,EURJPY,44 %,56 %,471,606,2360,2508
2025-03-11 04:10:23,EURCHF,37 %,63 %,379,633,2556,2405
2025-03-11 04:10:23,GBPJPY,51 %,49 %,390,373,1956,1650
2025-03-11 04:10:23,GBPCHF,73 %,27 %,213,77,1610,658
2025-03-11 04:10:23,AUDJPY,81 %,19 %,254,58,1565,641
2025-03-11 04:10:23,AUDNZD,65 %,35 %,2333,1242,20931,9886
2025-03-11 04:10:23,NZDJPY,75 %,25 %,241,80,1886,469
2025-03-11 04:10:23,CADJPY,83 %,17 %,286,59,2343,471
2025-03-11 04:10:23,EURAUD,4 %,96 %,204,4730,1052,11722
2025-03-11 04:10:23,AUDCAD,67 %,33 %,2168,1077,19255,7855
2025-03-11 04:10:23,AUDNZD,65 %,35 %,2333,1242,20932,9886
2025-03-11 04:10:23,EURNZD,5 %,95 %,68,1335,372,6121
2025-03-11 04:10:23,GBPCAD,4 %,96 %,160,3639,685,10360
2025-03-11 04:10:23,NZDCAD,58 %,42 %,1124,825,15114,7549
2025-03-11 08:11:30,EURUSD,18 %,82 %,6555,30378,18468,85221
2025-03-11 08:11:30,GBPUSD,18 %,82 %,2281,10262,8848,26357
2025-03-11 08:11:30,USDJPY,59 %,41 %,1312,896,7975,3402
2025-03-11 08:11:30,USDCHF,78 %,22 %,1829,508,8144,3354
2025-03-11 08:11:30,AUDUSD,79 %,21 %,2832,747,10541,3936
2025-03-11 08:11:30,NZDUSD,82 %,18 %,3542,763,12804,2556
2025-03-11 08:11:30,USDCAD,16 %,84 %,1447,7561,3853,23904
2025-03-11 08:11:30,EURGBP,10 %,90 %,458,4044,3068,15722
2025-03-11 08:11:30,EURJPY,38 %,62 %,449,743,2263,2722
2025-03-11 08:11:30,EURCHF,34 %,66 %,357,693,2370,2765
2025-03-11 08:11:30,GBPJPY,50 %,50 %,375,372,1881,1682
2025-03-11 08:11:30,GBPCHF,69 %,31 %,200,88,1445,741
2025-03-11 08:11:30,AUDJPY,78 %,22 %,258,70,1553,666
2025-03-11 08:11:30,AUDNZD,65 %,35 %,2313,1256,20373,9957
2025-03-11 08:11:30,NZDJPY,75 %,25 %,238,80,1872,486
2025-03-11 08:11:30,CADJPY,81 %,19 %,289,66,2362,499
2025-03-11 08:11:30,EURAUD,4 %,96 %,205,4781,953,11742
2025-03-11 08:11:30,AUDCAD,65 %,35 %,1998,1091,18781,8045
2025-03-11 08:11:30,AUDNZD,65 %,35 %,2313,1256,20373,9957
2025-03-11 08:11:30,EURNZD,4 %,96 %,63,1371,355,6208
2025-03-11 08:11:30,GBPCAD,4 %,96 %,145,3643,599,10540
2025-03-11 08:11:30,NZDCAD,57 %,43 %,1119,834,16362,7467
2025-03-11 12:15:22,EURUSD,16 %,84 %,5955,31213,18671,86523
2025-03-11 12:15:22,GBPUSD,18 %,82 %,2233,10451,8291,26962
2025-03-11 12:15:22,USDJPY,51 %,49 %,1223,1158,7756,3970
2025-03-11 12:15:22,USDCHF,72 %,28 %,1744,671,7631,3792
2025-03-11 12:15:22,AUDUSD,78 %,22 %,2751,785,10116,4137
2025-03-11 12:15:22,NZDUSD,82 %,18 %,3532,778,12559,2652
2025-03-11 12:15:22,USDCAD,16 %,84 %,1465,7487,4093,23710
2025-03-11 12:15:22,EURGBP,10 %,90 %,476,4185,3200,15932
2025-03-11 12:15:22,EURJPY,39 %,61 %,415,649,2127,2915
2025-03-11 12:15:22,EURCHF,19 %,81 %,191,819,1889,3440
2025-03-11 12:15:22,GBPJPY,49 %,51 %,364,372,1888,1671
2025-03-11 12:15:22,GBPCHF,47 %,53 %,111,128,955,999
2025-03-11 12:15:22,AUDJPY,77 %,23 %,257,74,1497,753
2025-03-11 12:15:22,AUDNZD,66 %,34 %,2333,1215,20402,9808
2025-03-11 12:15:22,NZDJPY,72 %,28 %,251,100,1852,571
2025-03-11 12:15:22,CADJPY,81 %,19 %,283,66,2294,594
2025-03-11 12:15:22,EURAUD,4 %,96 %,199,4726,974,11585
2025-03-11 12:15:22,AUDCAD,58 %,42 %,1694,1230,14098,9393
2025-03-11 12:15:22,AUDNZD,66 %,34 %,2333,1215,20402,9808
2025-03-11 12:15:22,EURNZD,4 %,96 %,64,1401,368,6224
2025-03-11 12:15:22,GBPCAD,4 %,96 %,148,3578,556,10501
2025-03-11 12:15:22,NZDCAD,56 %,44 %,1073,843,15939,7521
2025-03-11 16:10:32,EURUSD,15 %,85 %,5672,31395,17368,88103
2025-03-11 16:10:32,GBPUSD,17 %,83 %,2124,10362,8136,26771
2025-03-11 16:10:32,USDJPY,62 %,38 %,1272,765,7759,3017
2025-03-11 16:10:32,USDCHF,81 %,19 %,1768,411,8115,3083
2025-03-11 16:10:32,AUDUSD,78 %,22 %,2794,785,10229,3759
2025-03-11 16:10:32,NZDUSD,84 %,16 %,3537,678,12554,2527
2025-03-11 16:10:32,USDCAD,18 %,82 %,1711,7722,4901,24434
2025-03-11 16:10:32,EURGBP,8 %,92 %,459,5211,3020,17692
2025-03-11 16:10:32,EURJPY,41 %,59 %,436,636,2224,2851
2025-03-11 16:10:32,EURCHF,22 %,78 %,214,741,1925,3130
2025-03-11 16:10:32,GBPJPY,55 %,45 %,408,333,1965,1357
2025-03-11 16:10:32,GBPCHF,57 %,43 %,119,90,994,794
2025-03-11 16:10:32,AUDJPY,78 %,22 %,256,70,1495,682
2025-03-11 16:10:32,AUDNZD,68 %,32 %,2448,1165,21015,9301
2025-03-11 16:10:32,NZDJPY,65 %,35 %,208,113,1707,570
2025-03-11 16:10:32,CADJPY,84 %,16 %,281,54,2306,460
2025-03-11 16:10:32,EURAUD,4 %,96 %,207,4786,891,12085
2025-03-11 16:10:32,AUDCAD,24 %,76 %,643,2021,4925,14884
2025-03-11 16:10:32,AUDNZD,68 %,32 %,2448,1165,21015,9301
2025-03-11 16:10:32,EURNZD,4 %,96 %,65,1422,305,6325
2025-03-11 16:10:32,GBPCAD,4 %,96 %,140,3606,452,11119
2025-03-11 16:10:32,NZDCAD,30 %,70 %,661,1580,8520,14312
2025-03-11 20:09:05,EURUSD,18 %,82 %,6894,31740,20854,88441
2025-03-11 20:09:05,GBPUSD,21 %,79 %,2855,10525,8953,27253
2025-03-11 20:09:05,USDJPY,57 %,43 %,1178,901,7536,3516
2025-03-11 20:09:05,USDCHF,74 %,26 %,1701,585,7726,3591
2025-03-11 20:09:05,AUDUSD,73 %,27 %,2611,944,9318,4779
2025-03-11 20:09:05,NZDUSD,84 %,16 %,3480,686,12137,2674
2025-03-11 20:09:05,USDCAD,25 %,75 %,2474,7371,6503,23295
2025-03-11 20:09:05,EURGBP,10 %,90 %,463,3998,3084,15624
2025-03-11 20:09:05,EURJPY,39 %,61 %,404,622,2153,2901
2025-03-11 20:09:05,EURCHF,20 %,80 %,201,818,1780,3646
2025-03-11 20:09:05,GBPJPY,52 %,48 %,341,310,1940,1351
2025-03-11 20:09:05,GBPCHF,54 %,46 %,97,82,789,974
2025-03-11 20:09:05,AUDJPY,73 %,27 %,199,74,1380,762
2025-03-11 20:09:05,AUDNZD,68 %,32 %,2526,1182,20945,9451
2025-03-11 20:09:05,NZDJPY,62 %,38 %,162,101,1637,625
2025-03-11 20:09:05,CADJPY,78 %,22 %,217,59,2166,613
2025-03-11 20:09:05,EURAUD,6 %,94 %,293,4626,1118,11707
2025-03-11 20:09:05,AUDCAD,32 %,68 %,678,1447,4958,10367
2025-03-11 20:09:05,AUDNZD,68 %,32 %,2526,1182,20945,9451
2025-03-11 20:09:05,EURNZD,4 %,96 %,58,1328,335,6172
2025-03-11 20:09:05,GBPCAD,4 %,96 %,147,3354,647,10212
2025-03-11 20:09:05,NZDCAD,33 %,67 %,650,1294,9750,9902
2025-03-11 20:09:05,XAUUSD,35 %,65 %,1865,3403,10083,20027
2025-03-11 20:09:05,XAGUSD,44 %,56 %,263,339,688,1533
2025-03-11 20:09:05,XPDUSD,100 %,0 %,1,0,38,0
2025-03-11 20:09:05,CHFJPY,60 %,40 %,256,172,1090,1041
2025-03-12 00:39:07,EURUSD,19 %,81 %,7312,30972,23438,85553
2025-03-12 00:39:07,GBPUSD,22 %,78 %,2886,10376,9340,26850
2025-03-12 00:39:07,USDJPY,60 %,40 %,1198,798,7486,3358
2025-03-12 00:39:07,USDCHF,70 %,30 %,1653,710,7375,3876
2025-03-12 00:39:07,AUDUSD,75 %,25 %,2642,864,9359,4642
2025-03-12 00:39:07,NZDUSD,84 %,16 %,3488,684,12217,2654
2025-03-12 00:39:07,USDCAD,20 %,80 %,1897,7577,5601,23875
2025-03-12 00:39:07,EURGBP,12 %,88 %,484,3619,3217,14797
2025-03-12 00:39:07,EURJPY,41 %,59 %,423,609,2251,2866
2025-03-12 00:39:07,EURCHF,20 %,80 %,201,814,1800,3638
2025-03-12 00:39:07,GBPJPY,53 %,47 %,340,302,2000,1351
2025-03-12 00:39:07,GBPCHF,50 %,50 %,92,91,776,1034
2025-03-12 00:39:07,AUDJPY,73 %,27 %,204,75,1390,745
2025-03-12 00:39:07,AUDNZD,68 %,32 %,2533,1193,21023,9506
2025-03-12 00:39:07,NZDJPY,61 %,39 %,159,102,1627,637
2025-03-12 00:39:07,CADJPY,80 %,20 %,217,53,2177,591
2025-03-12 00:39:07,EURAUD,6 %,94 %,307,4621,1130,11655
2025-03-12 00:39:07,AUDCAD,35 %,65 %,692,1266,5108,8846
2025-03-12 00:39:07,AUDNZD,68 %,32 %,2533,1193,21023,9506
2025-03-12 00:39:07,EURNZD,4 %,96 %,54,1321,348,6134
2025-03-12 00:39:07,GBPCAD,4 %,96 %,147,3351,640,10169
2025-03-12 00:39:07,NZDCAD,36 %,64 %,643,1140,10097,8404
2025-03-12 00:39:07,XAUUSD,37 %,63 %,1973,3365,10755,19586
2025-03-12 00:39:07,XAGUSD,26 %,74 %,175,504,708,1727
2025-03-12 00:39:07,XPDUSD,100 %,0 %,1,0,37,0
2025-03-12 00:39:07,CHFJPY,60 %,40 %,257,169,1089,1033
2025-03-12 04:10:22,EURUSD,22 %,78 %,8525,30489,29627,83975
2025-03-12 04:10:22,GBPUSD,23 %,77 %,3124,10256,10331,26500
2025-03-12 04:10:22,USDJPY,61 %,39 %,1225,767,7466,3524
2025-03-12 04:10:22,USDCHF,66 %,34 %,1628,848,7307,4141
2025-03-12 04:10:22,AUDUSD,78 %,22 %,2723,756,10088,4132
2025-03-12 04:10:22,NZDUSD,84 %,16 %,3499,667,12318,2530
2025-03-12 04:10:22,USDCAD,18 %,82 %,1734,8030,5214,24637
2025-03-12 04:10:22,EURGBP,12 %,88 %,499,3597,3295,14779
2025-03-12 04:10:22,EURJPY,41 %,59 %,427,626,2251,2846
2025-03-12 04:10:22,EURCHF,20 %,80 %,199,821,1863,3656
2025-03-12 04:10:22,GBPJPY,54 %,46 %,368,313,2080,1331
2025-03-12 04:10:22,GBPCHF,51 %,49 %,99,95,850,1064
2025-03-12 04:10:22,AUDJPY,76 %,24 %,210,65,1432,703
2025-03-12 04:10:22,AUDNZD,67 %,33 %,2522,1229,20863,9711
2025-03-12 04:10:22,NZDJPY,63 %,37 %,168,99,1672,641
2025-03-12 04:10:22,CADJPY,80 %,20 %,218,53,2208,598
2025-03-12 04:10:22,EURAUD,7 %,93 %,308,4357,1155,11442
2025-03-12 04:10:22,AUDCAD,37 %,63 %,733,1275,6658,9013
2025-03-12 04:10:22,AUDNZD,67 %,33 %,2522,1229,20863,9711
2025-03-12 04:10:22,EURNZD,4 %,96 %,56,1288,349,6059
2025-03-12 04:10:22,GBPCAD,4 %,96 %,130,3352,661,10339
2025-03-12 04:10:22,NZDCAD,39 %,61 %,714,1109,13165,8265
2025-03-12 04:10:22,XAUUSD,36 %,64 %,1962,3425,10649,19982
2025-03-12 04:10:22,XAGUSD,35 %,65 %,187,346,840,1511
2025-03-12 04:10:22,XPDUSD,100 %,0 %,1,0,37,0
2025-03-12 04:10:22,CHFJPY,59 %,41 %,236,161,1080,1021
2025-03-12 08:11:31,EURUSD,24 %,76 %,9525,30138,29966,83133
2025-03-12 08:11:31,GBPUSD,25 %,75 %,3500,10227,11173,26143
2025-03-12 08:11:31,USDJPY,58 %,42 %,1219,879,7291,3633
2025-03-12 08:11:31,USDCHF,74 %,26 %,1634,577,7475,3594
2025-03-12 08:11:31,AUDUSD,79 %,21 %,2836,744,10505,3849
2025-03-12 08:11:31,NZDUSD,84 %,16 %,3485,666,12350,2525
2025-03-12 08:11:31,USDCAD,16 %,84 %,1685,8851,4888,25236
2025-03-12 08:11:31,EURGBP,13 %,87 %,500,3500,3291,14657
2025-03-12 08:11:31,EURJPY,39 %,61 %,401,640,2112,2915
2025-03-12 08:11:31,EURCHF,22 %,78 %,210,764,1994,3262
2025-03-12 08:11:31,GBPJPY,53 %,47 %,361,317,2073,1402
2025-03-12 08:11:31,GBPCHF,59 %,41 %,113,79,982,922
2025-03-12 08:11:31,AUDJPY,76 %,24 %,213,66,1432,719
2025-03-12 08:11:31,AUDNZD,68 %,32 %,2514,1209,20834,9609
2025-03-12 08:11:31,NZDJPY,62 %,38 %,161,99,1648,621
2025-03-12 08:11:31,CADJPY,79 %,21 %,218,58,2207,585
2025-03-12 08:11:31,EURAUD,7 %,93 %,305,4350,1151,11425
2025-03-12 08:11:31,AUDCAD,32 %,68 %,627,1306,6019,9375
2025-03-12 08:11:31,AUDNZD,68 %,32 %,2514,1209,20835,9607
2025-03-12 08:11:31,EURNZD,4 %,96 %,58,1277,345,5991
2025-03-12 08:11:31,GBPCAD,3 %,97 %,114,3337,533,10389
2025-03-12 08:11:31,NZDCAD,35 %,65 %,648,1182,11077,8762
2025-03-12 08:11:31,XAUUSD,40 %,60 %,2179,3252,11796,18790
2025-03-12 08:11:31,XAGUSD,35 %,65 %,190,353,789,1446
2025-03-12 08:11:31,XPDUSD,100 %,0 %,1,0,37,0
2025-03-12 08:11:31,CHFJPY,57 %,43 %,223,168,1009,1119
2025-03-12 12:14:50,EURUSD,20 %,80 %,7274,29213,24429,81658
2025-03-12 12:14:50,GBPUSD,21 %,79 %,2783,10249,9446,26495
2025-03-12 12:14:50,USDJPY,54 %,46 %,1099,953,6813,3731
2025-03-12 12:14:50,USDCHF,80 %,20 %,1612,404,7526,3121
2025-03-12 12:14:50,AUDUSD,78 %,22 %,2675,763,9863,4073
2025-03-12 12:14:50,NZDUSD,84 %,16 %,3518,655,12309,2556
2025-03-12 12:14:50,USDCAD,25 %,75 %,2498,7330,6330,23286
2025-03-12 12:14:50,EURGBP,12 %,88 %,490,3436,3348,14313
2025-03-12 12:14:50,EURJPY,30 %,70 %,290,670,1588,3242
2025-03-12 12:14:50,EURCHF,24 %,76 %,211,651,1943,3214
2025-03-12 12:14:50,GBPJPY,48 %,52 %,321,348,2133,1570
2025-03-12 12:14:50,GBPCHF,56 %,44 %,100,80,857,912
2025-03-12 12:14:50,AUDJPY,75 %,25 %,216,73,1405,792
2025-03-12 12:14:50,AUDNZD,68 %,32 %,2526,1194,20863,9501
2025-03-12 12:14:50,NZDJPY,59 %,41 %,154,106,1616,663
2025-03-12 12:14:50,CADJPY,78 %,22 %,220,60,2168,701
2025-03-12 12:14:50,EURAUD,7 %,93 %,335,4379,1079,11426
2025-03-12 12:14:50,AUDCAD,47 %,53 %,910,1026,8890,7184
2025-03-12 12:14:50,AUDNZD,68 %,32 %,2526,1194,20863,9501
2025-03-12 12:14:50,EURNZD,4 %,96 %,58,1273,311,5961
2025-03-12 12:14:50,GBPCAD,4 %,96 %,133,3328,579,10248
2025-03-12 12:14:50,NZDCAD,44 %,56 %,786,1021,13062,7551
2025-03-12 12:14:50,XAUUSD,42 %,58 %,2253,3163,12685,17854
2025-03-12 12:14:50,XAGUSD,31 %,69 %,168,380,681,1571
2025-03-12 12:14:50,XPDUSD,100 %,0 %,1,0,37,0
2025-03-12 12:14:50,CHFJPY,55 %,45 %,221,179,975,1255
2025-03-12 16:10:23,EURUSD,19 %,81 %,6960,29202,21806,85139
2025-03-12 16:10:23,GBPUSD,16 %,84 %,2096,11000,8093,27892
2025-03-12 16:10:23,USDJPY,62 %,38 %,1229,754,7453,3273
2025-03-12 16:10:23,USDCHF,80 %,20 %,1602,392,7097,3032
2025-03-12 16:10:23,AUDUSD,77 %,23 %,2610,792,9398,4078
2025-03-12 16:10:23,NZDUSD,85 %,15 %,3502,623,12177,2589
2025-03-12 16:10:23,USDCAD,19 %,81 %,1699,7278,5520,22919
2025-03-12 16:10:23,EURGBP,15 %,85 %,495,2853,3432,12595
2025-03-12 16:10:23,EURJPY,32 %,68 %,317,666,1717,2978
2025-03-12 16:10:23,EURCHF,24 %,76 %,205,665,1835,3342
2025-03-12 16:10:23,GBPJPY,51 %,49 %,342,330,2240,1439
2025-03-12 16:10:23,GBPCHF,53 %,47 %,97,88,829,939
2025-03-12 16:10:23,AUDJPY,73 %,27 %,206,76,1382,747
2025-03-12 16:10:23,AUDNZD,68 %,32 %,2501,1181,20808,9534
2025-03-12 16:10:23,NZDJPY,64 %,36 %,152,86,1548,635
2025-03-12 16:10:23,CADJPY,80 %,20 %,216,52,2132,699
2025-03-12 16:10:23,EURAUD,7 %,93 %,297,4214,1011,11084
2025-03-12 16:10:23,AUDCAD,48 %,52 %,915,976,6163,7219
2025-03-12 16:10:23,AUDNZD,68 %,32 %,2501,1181,20808,9534
2025-03-12 16:10:23,EURNZD,5 %,95 %,58,1140,333,5731
2025-03-12 16:10:23,GBPCAD,4 %,96 %,132,3201,625,9973
2025-03-12 16:10:23,NZDCAD,47 %,53 %,854,955,13650,7571
2025-03-12 16:10:23,XAUUSD,37 %,63 %,2064,3585,10863,19930
2025-03-12 16:10:23,XAGUSD,30 %,70 %,171,408,752,1553
2025-03-12 16:10:23,XPDUSD,100 %,0 %,1,0,38,0
2025-03-12 16:10:23,CHFJPY,58 %,42 %,227,163,1019,1118
2025-03-12 20:09:13,EURUSD,22 %,78 %,7757,27848,26519,80105
2025-03-12 20:09:13,GBPUSD,21 %,79 %,2802,10686,9191,27354
2025-03-12 20:09:13,USDJPY,61 %,39 %,1176,741,7356,3260
2025-03-12 20:09:13,USDCHF,80 %,20 %,1676,415,7442,3100
2025-03-12 20:09:13,AUDUSD,72 %,28 %,2534,995,9162,4859
2025-03-12 20:09:13,NZDUSD,84 %,16 %,3473,644,12018,2708
2025-03-12 20:09:13,USDCAD,20 %,80 %,1756,7212,6010,22639
2025-03-12 20:09:13,EURGBP,19 %,81 %,604,2630,4042,11563
2025-03-12 20:09:13,EURJPY,36 %,64 %,360,642,1924,2819
2025-03-12 20:09:13,EURCHF,30 %,70 %,256,608,2164,2974
2025-03-12 20:09:13,GBPJPY,51 %,49 %,337,330,2152,1425
2025-03-12 20:09:13,GBPCHF,48 %,52 %,92,100,786,967
2025-03-12 20:09:13,AUDJPY,72 %,28 %,206,78,1367,798
2025-03-12 20:09:13,AUDNZD,67 %,33 %,2471,1198,20721,9623
2025-03-12 20:09:13,NZDJPY,64 %,36 %,157,89,1563,639
2025-03-12 20:09:13,CADJPY,83 %,17 %,215,44,2104,694
2025-03-12 20:09:13,EURAUD,9 %,91 %,413,4153,1479,10416
2025-03-12 20:09:13,AUDCAD,43 %,57 %,827,1120,5927,8317
2025-03-12 20:09:13,AUDNZD,67 %,33 %,2471,1198,20721,9623
2025-03-12 20:09:13,EURNZD,7 %,93 %,76,982,481,5231
2025-03-12 20:09:13,GBPCAD,4 %,96 %,134,3173,707,9822
2025-03-12 20:09:13,NZDCAD,50 %,50 %,842,844,13640,7286
2025-03-12 20:09:13,XAUUSD,34 %,66 %,2107,4172,11613,22844
2025-03-12 20:09:13,XAGUSD,25 %,75 %,163,478,674,1641
2025-03-12 20:09:13,XPDUSD,100 %,0 %,1,0,39,0
2025-03-12 20:09:13,CHFJPY,58 %,42 %,226,164,997,1122
2025-03-13 00:39:48,EURUSD,22 %,78 %,7636,27757,26480,80638
2025-03-13 00:39:48,GBPUSD,21 %,79 %,2830,10551,9413,27027
2025-03-13 00:39:48,USDJPY,61 %,39 %,1178,749,7386,3137
2025-03-13 00:39:48,USDCHF,81 %,19 %,1681,406,7474,2961
2025-03-13 00:39:48,AUDUSD,70 %,30 %,2527,1078,9069,5121
2025-03-13 00:39:48,NZDUSD,84 %,16 %,3451,648,11978,2722
2025-03-13 00:39:48,USDCAD,20 %,80 %,1775,7202,6161,22621
2025-03-13 00:39:48,EURGBP,19 %,81 %,623,2606,4070,11426
2025-03-13 00:39:48,EURJPY,35 %,65 %,343,634,1894,2758
2025-03-13 00:39:48,EURCHF,30 %,70 %,262,605,2194,2930
2025-03-13 00:39:48,GBPJPY,51 %,49 %,341,329,2187,1411
2025-03-13 00:39:48,GBPCHF,49 %,51 %,94,98,822,920
2025-03-13 00:39:48,AUDJPY,72 %,28 %,208,80,1355,813
2025-03-13 00:39:48,AUDNZD,67 %,33 %,2496,1203,20636,9679
2025-03-13 00:39:48,NZDJPY,64 %,36 %,159,90,1561,634
2025-03-13 00:39:48,CADJPY,83 %,17 %,215,43,2104,663
2025-03-13 00:39:48,EURAUD,10 %,90 %,445,4099,1561,10264
2025-03-13 00:39:48,AUDCAD,40 %,60 %,784,1162,5566,8751
2025-03-13 00:39:48,AUDNZD,67 %,33 %,2496,1203,20636,9679
2025-03-13 00:39:48,EURNZD,10 %,90 %,105,967,528,5074
2025-03-13 00:39:48,GBPCAD,4 %,96 %,137,3154,697,9676
2025-03-13 00:39:48,NZDCAD,50 %,50 %,829,844,13489,7294
2025-03-13 00:39:48,XAUUSD,35 %,65 %,2121,3951,11586,22091
2025-03-13 00:39:48,XAGUSD,26 %,74 %,169,477,697,1641
2025-03-13 00:39:48,XPDUSD,100 %,0 %,1,0,39,0
2025-03-13 00:39:48,CHFJPY,58 %,42 %,226,164,984,1110
2025-03-13 04:10:24,EURUSD,22 %,78 %,7624,27708,26744,80830
2025-03-13 04:10:24,GBPUSD,21 %,79 %,2849,10454,9590,26810
2025-03-13 04:10:24,USDJPY,59 %,41 %,1130,772,7278,3310
2025-03-13 04:10:24,USDCHF,81 %,19 %,1783,406,7740,3003
2025-03-13 04:10:24,AUDUSD,67 %,33 %,2507,1227,9126,5409
2025-03-13 04:10:24,NZDUSD,83 %,17 %,3436,680,11976,2856
2025-03-13 04:10:24,USDCAD,19 %,81 %,1710,7220,5943,22908
2025-03-13 04:10:24,EURGBP,19 %,81 %,623,2575,4059,11547
2025-03-13 04:10:24,EURJPY,36 %,64 %,350,628,1957,2793
2025-03-13 04:10:24,EURCHF,31 %,69 %,273,605,2299,2873
2025-03-13 04:10:24,GBPJPY,51 %,49 %,345,333,2249,1393
2025-03-13 04:10:24,GBPCHF,51 %,49 %,98,93,913,895
2025-03-13 04:10:24,AUDJPY,72 %,28 %,215,82,1385,800
2025-03-13 04:10:24,AUDNZD,68 %,32 %,2574,1209,20697,9702
2025-03-13 04:10:24,NZDJPY,62 %,38 %,157,97,1559,652
2025-03-13 04:10:24,CADJPY,83 %,17 %,218,44,2137,696
2025-03-13 04:10:24,EURAUD,10 %,90 %,427,4034,1632,10109
2025-03-13 04:10:24,AUDCAD,29 %,71 %,585,1427,6051,10069
2025-03-13 04:10:24,AUDNZD,68 %,32 %,2574,1209,20697,9700
2025-03-13 04:10:24,EURNZD,10 %,90 %,97,918,508,4996
2025-03-13 04:10:24,GBPCAD,4 %,96 %,138,3166,677,9797
2025-03-13 04:10:24,NZDCAD,47 %,53 %,818,936,13257,8205
2025-03-13 04:10:24,XAUUSD,32 %,68 %,1973,4291,10383,24250
2025-03-13 04:10:24,XAGUSD,27 %,73 %,171,469,727,1597
2025-03-13 04:10:24,XPDUSD,100 %,0 %,1,0,39,0
2025-03-13 04:10:24,CHFJPY,58 %,42 %,227,161,987,1103
2025-03-13 12:15:09,EURUSD,23 %,77 %,8056,26905,28907,73342
2025-03-13 12:15:09,GBPUSD,22 %,78 %,2896,10357,9941,26400
2025-03-13 12:15:09,USDJPY,51 %,49 %,1065,1034,7125,4278
2025-03-13 12:15:09,USDCHF,78 %,22 %,1574,439,7083,3279
2025-03-13 12:15:09,AUDUSD,81 %,19 %,3078,726,10904,3662
2025-03-13 12:15:09,NZDUSD,85 %,15 %,3461,615,12597,2410
2025-03-13 12:15:09,USDCAD,19 %,81 %,1688,7168,5956,22699
2025-03-13 12:15:09,EURGBP,22 %,78 %,682,2378,4282,10922
2025-03-13 12:15:09,EURJPY,37 %,63 %,377,650,1975,2576
2025-03-13 12:15:09,EURCHF,34 %,66 %,276,542,2355,2442
2025-03-13 12:15:09,GBPJPY,48 %,52 %,310,329,2035,1394
2025-03-13 12:15:09,GBPCHF,56 %,44 %,106,82,880,837
2025-03-13 12:15:09,AUDJPY,78 %,22 %,217,62,1511,666
2025-03-13 12:15:09,AUDNZD,68 %,32 %,2610,1217,20598,9849
2025-03-13 12:15:09,NZDJPY,66 %,34 %,178,91,1730,579
2025-03-13 12:15:09,CADJPY,84 %,16 %,220,43,2167,693
2025-03-13 12:15:09,EURAUD,10 %,90 %,432,4119,1180,10434
2025-03-13 12:15:09,AUDCAD,81 %,19 %,2848,666,18427,5958
2025-03-13 12:15:09,AUDNZD,68 %,32 %,2610,1217,20598,9849
2025-03-13 12:15:09,EURNZD,6 %,94 %,61,926,363,5132
2025-03-13 12:15:09,GBPCAD,4 %,96 %,143,3145,743,9653
2025-03-13 12:15:09,NZDCAD,67 %,33 %,1499,755,22080,6725
2025-03-13 12:15:09,XAUUSD,33 %,67 %,1968,3938,10628,21831
2025-03-13 12:15:09,XAGUSD,31 %,69 %,178,395,827,1597
2025-03-13 12:15:09,XPDUSD,100 %,0 %,1,0,39,0
2025-03-13 12:15:09,CHFJPY,60 %,40 %,243,159,1080,1006
2025-03-13 16:10:23,EURUSD,23 %,77 %,7779,26267,26021,74027
2025-03-13 16:10:23,GBPUSD,22 %,78 %,2859,10297,9554,26014
2025-03-13 16:10:23,USDJPY,58 %,42 %,1279,911,7757,3485
2025-03-13 16:10:23,USDCHF,77 %,23 %,1540,465,6769,3368
2025-03-13 16:10:23,AUDUSD,77 %,23 %,2674,790,10129,3990
2025-03-13 16:10:23,NZDUSD,85 %,15 %,3465,620,12553,2350
2025-03-13 16:10:23,USDCAD,18 %,82 %,1623,7620,5760,24246
2025-03-13 16:10:23,EURGBP,27 %,73 %,690,1911,4446,10596
2025-03-13 16:10:23,EURJPY,38 %,62 %,388,647,2128,2509
2025-03-13 16:10:23,EURCHF,32 %,68 %,269,583,2136,2786
2025-03-13 16:10:23,GBPJPY,48 %,52 %,299,327,1999,1421
2025-03-13 16:10:23,GBPCHF,48 %,52 %,86,94,699,958
2025-03-13 16:10:23,AUDJPY,76 %,24 %,216,68,1503,676
2025-03-13 16:10:23,AUDNZD,69 %,31 %,2614,1193,20602,9766
2025-03-13 16:10:23,NZDJPY,66 %,34 %,177,91,1734,568
2025-03-13 16:10:23,CADJPY,84 %,16 %,223,43,2176,593
2025-03-13 16:10:23,EURAUD,10 %,90 %,449,4036,1199,10218
2025-03-13 16:10:23,AUDCAD,70 %,30 %,1883,791,13906,7233
2025-03-13 16:10:23,AUDNZD,69 %,31 %,2614,1193,20607,9764
2025-03-13 16:10:23,EURNZD,6 %,94 %,59,910,389,5013
2025-03-13 16:10:23,GBPCAD,4 %,96 %,145,3172,678,9722
2025-03-13 16:10:23,NZDCAD,60 %,40 %,1162,761,17698,8344
2025-03-13 16:10:23,XAUUSD,25 %,75 %,1839,5610,9845,27233
2025-03-13 16:10:23,XAGUSD,25 %,75 %,146,445,646,1783
2025-03-13 16:10:23,XPDUSD,100 %,0 %,1,0,43,0
2025-03-13 16:10:23,CHFJPY,62 %,38 %,258,157,1204,932
2025-03-13 20:09:07,EURUSD,24 %,76 %,7854,25421,27496,71195
2025-03-13 20:09:07,GBPUSD,22 %,78 %,2825,10249,9441,26154
2025-03-13 20:09:07,USDJPY,57 %,43 %,1288,961,8424,3676
2025-03-13 20:09:07,USDCHF,79 %,21 %,1590,411,6952,3133
2025-03-13 20:09:07,AUDUSD,79 %,21 %,2694,720,10359,3709
2025-03-13 20:09:07,NZDUSD,85 %,15 %,3458,630,12508,2394
2025-03-13 20:09:07,USDCAD,20 %,80 %,1961,7707,6708,24822
2025-03-13 20:09:07,EURGBP,26 %,74 %,707,1976,4417,11278
2025-03-13 20:09:07,EURJPY,40 %,60 %,429,633,2524,2467
2025-03-13 20:09:07,EURCHF,30 %,70 %,280,654,2225,2609
2025-03-13 20:09:07,GBPJPY,49 %,51 %,305,319,2065,1475
2025-03-13 20:09:07,GBPCHF,46 %,54 %,80,93,760,899
2025-03-13 20:09:07,AUDJPY,73 %,27 %,220,81,1516,679
2025-03-13 20:09:07,AUDNZD,69 %,31 %,2636,1167,20712,9567
2025-03-13 20:09:07,NZDJPY,73 %,27 %,186,67,1812,513
2025-03-13 20:09:07,CADJPY,84 %,16 %,229,42,2216,524
2025-03-13 20:09:07,EURAUD,10 %,90 %,464,4055,1180,10222
2025-03-13 20:09:07,AUDCAD,54 %,46 %,1323,1106,7744,8732
2025-03-13 20:09:07,AUDNZD,69 %,31 %,2636,1167,20712,9567
2025-03-13 20:09:07,EURNZD,6 %,94 %,55,912,371,5008
2025-03-13 20:09:07,GBPCAD,4 %,96 %,128,3199,486,9926
2025-03-13 20:09:07,NZDCAD,49 %,51 %,848,875,10966,11350
2025-03-13 20:09:07,XAUUSD,22 %,78 %,1768,6151,9227,29039
2025-03-13 20:09:07,XAGUSD,23 %,77 %,138,472,689,1843
2025-03-13 20:09:07,XPDUSD,100 %,0 %,1,0,44,0
2025-03-13 20:09:07,CHFJPY,62 %,38 %,259,157,1252,972
2025-03-14 00:38:50,EURUSD,24 %,76 %,8018,25212,28327,70770
2025-03-14 00:38:50,GBPUSD,21 %,79 %,2805,10325,9421,26305
2025-03-14 00:38:50,USDJPY,56 %,44 %,1267,998,8283,3985
2025-03-14 00:38:50,USDCHF,80 %,20 %,1637,402,7094,3064
2025-03-14 00:38:50,AUDUSD,79 %,21 %,2706,719,10416,3722
2025-03-14 00:38:50,NZDUSD,85 %,15 %,3458,631,12518,2385
2025-03-14 00:38:50,USDCAD,20 %,80 %,1907,7764,6336,24999
2025-03-14 00:38:50,EURGBP,26 %,74 %,691,1964,4484,11223
2025-03-14 00:38:50,EURJPY,37 %,63 %,391,661,2496,2592
2025-03-14 00:38:50,EURCHF,31 %,69 %,293,667,2349,2544
2025-03-14 00:38:50,GBPJPY,47 %,53 %,308,341,2083,1589
2025-03-14 00:38:50,GBPCHF,47 %,53 %,83,94,817,928
2025-03-14 00:38:50,AUDJPY,73 %,27 %,221,83,1521,707
2025-03-14 00:38:50,AUDNZD,70 %,30 %,2744,1176,20740,9643
2025-03-14 00:38:50,NZDJPY,73 %,27 %,185,68,1844,535
2025-03-14 00:38:50,CADJPY,81 %,19 %,227,52,2199,530
2025-03-14 00:38:50,EURAUD,10 %,90 %,445,4060,1167,10236
2025-03-14 00:38:50,AUDCAD,49 %,51 %,1105,1172,7343,10104
2025-03-14 00:38:50,AUDNZD,70 %,30 %,2744,1176,20740,9643
2025-03-14 00:38:50,EURNZD,5 %,95 %,50,910,342,5012
2025-03-14 00:38:50,GBPCAD,4 %,96 %,124,3188,463,9935
2025-03-14 00:38:50,NZDCAD,49 %,51 %,843,880,10964,11375
2025-03-14 00:38:50,XAUUSD,22 %,78 %,1805,6354,9195,29457
2025-03-14 00:38:50,XAGUSD,23 %,77 %,146,494,675,1947
2025-03-14 00:38:50,XPDUSD,100 %,0 %,1,0,44,0
2025-03-14 00:38:50,CHFJPY,61 %,39 %,256,165,1185,1067
2025-03-14 04:10:10,EURUSD,27 %,73 %,9064,24982,32030,70522
2025-03-14 04:10:10,GBPUSD,22 %,78 %,2880,10250,10053,26048
2025-03-14 04:10:10,USDJPY,44 %,56 %,1155,1491,7230,5579
2025-03-14 04:10:10,USDCHF,74 %,26 %,1528,547,6576,3736
2025-03-14 04:10:10,AUDUSD,79 %,21 %,2682,716,10249,3722
2025-03-14 04:10:10,NZDUSD,85 %,15 %,3478,637,12544,2447
2025-03-14 04:10:10,USDCAD,20 %,80 %,1930,7738,6480,24973
2025-03-14 04:10:10,EURGBP,29 %,71 %,702,1739,4679,8479
2025-03-14 04:10:10,EURJPY,34 %,66 %,350,682,2083,2898
2025-03-14 04:10:10,EURCHF,31 %,69 %,300,668,2404,2582
2025-03-14 04:10:10,GBPJPY,43 %,57 %,276,368,1720,1971
2025-03-14 04:10:10,GBPCHF,46 %,54 %,84,98,804,1029
2025-03-14 04:10:10,AUDJPY,68 %,32 %,206,97,1410,856
2025-03-14 04:10:10,AUDNZD,70 %,30 %,2772,1173,20771,9613
2025-03-14 04:10:10,NZDJPY,68 %,32 %,162,76,1632,655
2025-03-14 04:10:10,CADJPY,72 %,28 %,221,85,2150,641
2025-03-14 04:10:10,EURAUD,8 %,92 %,338,4014,1243,10135
2025-03-14 04:10:10,AUDCAD,40 %,60 %,873,1329,7203,10122
2025-03-14 04:10:10,AUDNZD,70 %,30 %,2772,1173,20771,9613
2025-03-14 04:10:10,EURNZD,7 %,93 %,65,923,449,4994
2025-03-14 04:10:10,GBPCAD,4 %,96 %,128,3195,573,9938
2025-03-14 04:10:10,NZDCAD,41 %,59 %,717,1023,10536,14431
2025-03-14 04:10:10,XAUUSD,21 %,79 %,1812,6752,9318,30116
2025-03-14 04:10:10,XAGUSD,35 %,65 %,257,484,724,1830
2025-03-14 04:10:10,XPDUSD,100 %,0 %,1,0,38,0
2025-03-14 04:10:10,CHFJPY,58 %,42 %,244,174,1030,1207
2025-03-14 08:11:14,EURUSD,26 %,74 %,8777,24937,29932,69895
2025-03-14 08:11:14,GBPUSD,22 %,78 %,2930,10359,10486,25888
2025-03-14 08:11:14,USDJPY,39 %,61 %,1256,1948,7268,5402
2025-03-14 08:11:14,USDCHF,74 %,26 %,1547,553,6593,3703
2025-03-14 08:11:14,AUDUSD,77 %,23 %,2610,798,9746,4304
2025-03-14 08:11:14,NZDUSD,85 %,15 %,3454,630,12280,2409
2025-03-14 08:11:14,USDCAD,21 %,79 %,2001,7717,6911,24869
2025-03-14 08:11:14,EURGBP,29 %,71 %,711,1755,4575,8654
2025-03-14 08:11:14,EURJPY,33 %,67 %,338,701,1828,3043
2025-03-14 08:11:14,EURCHF,30 %,70 %,297,679,2314,2612
2025-03-14 08:11:14,GBPJPY,42 %,58 %,281,393,1817,2015
2025-03-14 08:11:14,GBPCHF,48 %,52 %,85,94,833,940
2025-03-14 08:11:14,AUDJPY,66 %,34 %,210,107,1340,927
2025-03-14 08:11:14,AUDNZD,70 %,30 %,2773,1177,20768,9639
2025-03-14 08:11:14,NZDJPY,66 %,34 %,162,84,1569,716
2025-03-14 08:11:14,CADJPY,72 %,28 %,220,86,2084,701
2025-03-14 08:11:14,EURAUD,9 %,91 %,376,3967,1452,10044
2025-03-14 08:11:14,AUDCAD,26 %,74 %,640,1820,6550,11779
2025-03-14 08:11:14,AUDNZD,70 %,30 %,2773,1177,20768,9639
2025-03-14 08:11:14,EURNZD,9 %,91 %,83,898,560,4875
2025-03-14 08:11:14,GBPCAD,4 %,96 %,127,3182,661,9730
2025-03-14 08:11:14,NZDCAD,34 %,66 %,627,1206,9509,16000
2025-03-14 08:11:14,XAUUSD,24 %,76 %,2062,6626,10595,29222
2025-03-14 08:11:14,XAGUSD,35 %,65 %,260,486,711,1833
2025-03-14 08:11:14,XPDUSD,100 %,0 %,1,0,38,0
2025-03-14 08:11:14,CHFJPY,54 %,46 %,236,199,957,1372
2025-03-14 12:14:35,EURUSD,20 %,80 %,6926,27482,21106,79546
2025-03-14 12:14:35,GBPUSD,22 %,78 %,2844,10374,9871,25995
2025-03-14 12:14:35,USDJPY,49 %,51 %,1234,1272,7485,4896
2025-03-14 12:14:35,USDCHF,78 %,22 %,1553,437,6550,3360
2025-03-14 12:14:35,AUDUSD,75 %,25 %,2566,874,9392,4673
2025-03-14 12:14:35,NZDUSD,84 %,16 %,3397,656,12067,2596
2025-03-14 12:14:35,USDCAD,20 %,80 %,1954,7718,6767,24804
2025-03-14 12:14:35,EURGBP,20 %,80 %,550,2182,3335,11265
2025-03-14 12:14:35,EURJPY,25 %,75 %,250,764,1472,3273
2025-03-14 12:14:35,EURCHF,18 %,82 %,178,819,1698,3694
2025-03-14 12:14:35,GBPJPY,44 %,56 %,309,398,2006,1897
2025-03-14 12:14:35,GBPCHF,48 %,52 %,87,94,780,964
2025-03-14 12:14:35,AUDJPY,66 %,34 %,203,104,1354,948
2025-03-14 12:14:35,AUDNZD,71 %,29 %,2798,1168,20866,9554
2025-03-14 12:14:35,NZDJPY,61 %,39 %,156,100,1547,779
2025-03-14 12:14:35,CADJPY,76 %,24 %,218,69,2123,708
2025-03-14 12:14:35,EURAUD,7 %,93 %,287,4044,1064,10267
2025-03-14 12:14:35,AUDCAD,13 %,87 %,474,3080,4918,16087
2025-03-14 12:14:35,AUDNZD,71 %,29 %,2798,1168,20866,9554
2025-03-14 12:14:35,EURNZD,6 %,94 %,56,849,381,4863
2025-03-14 12:14:35,GBPCAD,4 %,96 %,122,3160,584,9661
2025-03-14 12:14:35,NZDCAD,25 %,75 %,502,1497,6574,19185
2025-03-14 12:14:35,XAUUSD,22 %,78 %,1968,6914,9905,30366
2025-03-14 12:14:35,XAGUSD,34 %,66 %,262,501,711,1867
2025-03-14 12:14:35,XPDUSD,100 %,0 %,1,0,38,0
2025-03-14 12:14:35,CHFJPY,55 %,45 %,233,188,968,1285
2025-03-14 16:09:41,EURUSD,22 %,78 %,7293,25672,23781,74188
2025-03-14 16:09:41,GBPUSD,22 %,78 %,2923,10313,10445,25662
2025-03-14 16:09:41,USDJPY,56 %,44 %,1277,1000,7653,3945
2025-03-14 16:09:41,USDCHF,75 %,25 %,1432,471,6128,3543
2025-03-14 16:09:41,AUDUSD,69 %,31 %,2497,1145,9136,5634
2025-03-14 16:09:41,NZDUSD,82 %,18 %,3360,745,11900,2935
2025-03-14 16:09:41,USDCAD,23 %,77 %,2244,7570,7769,24132
2025-03-14 16:09:41,EURGBP,21 %,79 %,499,1900,3394,9768
2025-03-14 16:09:41,EURJPY,28 %,72 %,269,689,1781,2837
2025-03-14 16:09:41,EURCHF,20 %,80 %,191,782,1841,3384
2025-03-14 16:09:41,GBPJPY,47 %,53 %,305,349,2071,1597
2025-03-14 16:09:41,GBPCHF,46 %,54 %,85,99,794,943
2025-03-14 16:09:41,AUDJPY,65 %,35 %,200,107,1319,967
2025-03-14 16:09:41,AUDNZD,72 %,28 %,2892,1141,21188,9316
2025-03-14 16:09:41,NZDJPY,59 %,41 %,161,112,1514,814
2025-03-14 16:09:41,CADJPY,75 %,25 %,218,72,2097,711
2025-03-14 16:09:41,EURAUD,8 %,92 %,333,3846,1324,9873
2025-03-14 16:09:41,AUDCAD,17 %,83 %,544,2669,4940,13522
2025-03-14 16:09:41,AUDNZD,72 %,28 %,2892,1141,21190,9314
2025-03-14 16:09:41,EURNZD,10 %,90 %,88,839,540,4727
2025-03-14 16:09:41,GBPCAD,4 %,96 %,143,3114,1040,9524
2025-03-14 16:09:41,NZDCAD,23 %,77 %,513,1729,6737,24574
2025-03-14 16:09:41,XAUUSD,26 %,74 %,2185,6247,11070,27857
2025-03-14 16:09:41,XAGUSD,36 %,64 %,282,496,849,1764
2025-03-14 16:09:41,XPDUSD,100 %,0 %,1,0,39,0
2025-03-14 16:09:41,CHFJPY,56 %,44 %,213,171,1013,1113
2025-03-14 20:08:52,EURUSD,22 %,78 %,7070,25590,23287,74696
2025-03-14 20:08:52,GBPUSD,22 %,78 %,2868,10340,10086,25926
2025-03-14 20:08:52,USDJPY,54 %,46 %,1240,1036,7492,4173
2025-03-14 20:08:52,USDCHF,76 %,24 %,1462,466,6307,3520
2025-03-14 20:08:52,AUDUSD,67 %,33 %,2482,1232,9084,5819
2025-03-14 20:08:52,NZDUSD,81 %,19 %,3345,762,11851,3064
2025-03-14 20:08:52,USDCAD,22 %,78 %,2159,7550,8104,23897
2025-03-14 20:08:52,EURGBP,21 %,79 %,520,1962,3426,10207
2025-03-14 20:08:52,EURJPY,30 %,70 %,290,686,1779,2851
2025-03-14 20:08:52,EURCHF,20 %,80 %,197,783,1864,3382
2025-03-14 20:08:52,GBPJPY,45 %,55 %,296,360,1978,1604
2025-03-14 20:08:52,GBPCHF,47 %,53 %,85,97,835,940
2025-03-14 20:08:52,AUDJPY,66 %,34 %,196,99,1312,964
2025-03-14 20:08:52,AUDNZD,78 %,22 %,3417,986,27540,8135
2025-03-14 20:08:52,NZDJPY,59 %,41 %,159,112,1504,824
2025-03-14 20:08:52,CADJPY,76 %,24 %,212,67,2084,705
2025-03-14 20:08:52,EURAUD,8 %,92 %,340,3840,1310,9827
2025-03-14 20:08:52,AUDCAD,22 %,78 %,637,2235,5603,12448
2025-03-14 20:08:52,AUDNZD,78 %,22 %,3417,986,27540,8135
2025-03-14 20:08:52,EURNZD,10 %,90 %,90,826,563,4626
2025-03-14 20:08:52,GBPCAD,5 %,95 %,177,3075,1138,9374
2025-03-14 20:08:52,NZDCAD,23 %,77 %,521,1733,6776,24658
2025-03-14 20:08:52,XAUUSD,29 %,71 %,2258,5583,11849,26543
2025-03-14 20:08:52,XAGUSD,28 %,72 %,194,495,882,1811
2025-03-14 20:08:52,XPDUSD,100 %,0 %,1,0,39,0
2025-03-14 20:08:52,CHFJPY,55 %,45 %,211,169,983,1161
2025-03-15 00:38:45,EURUSD,22 %,78 %,7036,25617,23021,75001
2025-03-15 00:38:45,GBPUSD,22 %,78 %,2861,10355,10000,26050
2025-03-15 00:38:45,USDJPY,53 %,47 %,1222,1066,7400,4267
2025-03-15 00:38:45,USDCHF,75 %,25 %,1463,475,6314,3523
2025-03-15 00:38:45,AUDUSD,66 %,34 %,2472,1290,8990,5917
2025-03-15 00:38:45,NZDUSD,81 %,19 %,3340,776,11820,3155
2025-03-15 00:38:45,USDCAD,23 %,77 %,2235,7543,8437,23804
2025-03-15 00:38:45,EURGBP,21 %,79 %,519,1964,3412,10223
2025-03-15 00:38:45,EURJPY,29 %,71 %,282,688,1731,2894
2025-03-15 00:38:45,EURCHF,20 %,80 %,197,782,1850,3386
2025-03-15 00:38:45,GBPJPY,45 %,55 %,294,364,1954,1631
2025-03-15 00:38:45,GBPCHF,46 %,54 %,84,97,831,948
2025-03-15 00:38:45,AUDJPY,66 %,34 %,195,101,1310,983
2025-03-15 00:38:45,AUDNZD,78 %,22 %,3447,978,27807,8633
2025-03-15 00:38:45,NZDJPY,58 %,42 %,159,116,1501,839
2025-03-15 00:38:45,CADJPY,75 %,25 %,211,70,2081,713
2025-03-15 00:38:45,EURAUD,8 %,92 %,346,3831,1340,9827
2025-03-15 00:38:45,AUDCAD,23 %,77 %,649,2229,5640,12359
2025-03-15 00:38:45,AUDNZD,78 %,22 %,3447,978,27807,8633
2025-03-15 00:38:45,EURNZD,11 %,89 %,97,825,624,4622
2025-03-15 00:38:45,GBPCAD,6 %,94 %,182,3074,1145,9349
2025-03-15 00:38:45,NZDCAD,23 %,77 %,522,1728,6789,24602
2025-03-15 00:38:45,XAUUSD,28 %,72 %,2227,5600,11542,26713
2025-03-15 00:38:45,XAGUSD,28 %,72 %,194,494,885,1788
2025-03-15 00:38:45,XPDUSD,100 %,0 %,1,0,39,0
2025-03-15 00:38:45,CHFJPY,55 %,45 %,211,169,986,1172
2025-03-15 04:09:19,EURUSD,22 %,78 %,7036,25617,23021,75001
2025-03-15 04:09:19,GBPUSD,22 %,78 %,2861,10355,10000,26050
2025-03-15 04:09:19,USDJPY,53 %,47 %,1222,1066,7400,4267
2025-03-15 04:09:19,USDCHF,75 %,25 %,1463,475,6314,3523
2025-03-15 04:09:19,AUDUSD,66 %,34 %,2472,1290,8990,5917
2025-03-15 04:09:19,NZDUSD,81 %,19 %,3340,776,11820,3155
2025-03-15 04:09:19,USDCAD,23 %,77 %,2235,7543,8437,23804
2025-03-15 04:09:19,EURGBP,21 %,79 %,519,1964,3412,10223
2025-03-15 04:09:19,EURJPY,29 %,71 %,282,688,1731,2894
2025-03-15 04:09:19,EURCHF,20 %,80 %,197,782,1850,3386
2025-03-15 04:09:19,GBPJPY,45 %,55 %,294,364,1954,1631
2025-03-15 04:09:19,GBPCHF,46 %,54 %,84,97,831,948
2025-03-15 04:09:19,AUDJPY,66 %,34 %,195,101,1310,983
2025-03-15 04:09:19,AUDNZD,78 %,22 %,3447,978,27807,8633
2025-03-15 04:09:19,NZDJPY,58 %,42 %,159,116,1501,839
2025-03-15 04:09:19,CADJPY,75 %,25 %,211,70,2081,713
2025-03-15 04:09:19,EURAUD,8 %,92 %,346,3831,1340,9827
2025-03-15 04:09:19,AUDCAD,23 %,77 %,649,2229,5640,12359
2025-03-15 04:09:19,AUDNZD,78 %,22 %,3447,978,27807,8633
2025-03-15 04:09:19,EURNZD,11 %,89 %,97,825,624,4622
2025-03-15 04:09:19,GBPCAD,6 %,94 %,182,3074,1145,9349
2025-03-15 04:09:19,NZDCAD,23 %,77 %,522,1728,6789,24602
2025-03-15 04:09:19,XAUUSD,28 %,72 %,2227,5600,11542,26713
2025-03-15 04:09:19,XAGUSD,28 %,72 %,194,494,885,1788
2025-03-15 04:09:19,XPDUSD,100 %,0 %,1,0,39,0
2025-03-15 04:09:19,CHFJPY,55 %,45 %,211,169,986,1172
2025-03-15 08:09:37,EURUSD,22 %,78 %,7036,25617,23021,75001
2025-03-15 08:09:37,GBPUSD,22 %,78 %,2861,10355,10000,26050
2025-03-15 08:09:37,USDJPY,53 %,47 %,1222,1066,7400,4267
2025-03-15 08:09:37,USDCHF,75 %,25 %,1463,475,6314,3523
2025-03-15 08:09:37,AUDUSD,66 %,34 %,2472,1290,8990,5917
2025-03-15 08:09:37,NZDUSD,81 %,19 %,3340,776,11820,3155
2025-03-15 08:09:37,USDCAD,23 %,77 %,2235,7543,8437,23804
2025-03-15 08:09:37,EURGBP,21 %,79 %,519,1964,3412,10223
2025-03-15 08:09:37,EURJPY,29 %,71 %,282,688,1731,2894
2025-03-15 08:09:37,EURCHF,20 %,80 %,197,782,1850,3386
2025-03-15 08:09:37,GBPJPY,45 %,55 %,294,364,1954,1631
2025-03-15 08:09:37,GBPCHF,46 %,54 %,84,97,831,948
2025-03-15 08:09:37,AUDJPY,66 %,34 %,195,101,1310,983
2025-03-15 08:09:37,AUDNZD,78 %,22 %,3447,978,27807,8633
2025-03-15 08:09:37,NZDJPY,58 %,42 %,159,116,1501,839
2025-03-15 08:09:37,CADJPY,75 %,25 %,211,70,2081,713
2025-03-15 08:09:37,EURAUD,8 %,92 %,346,3831,1340,9827
2025-03-15 08:09:37,AUDCAD,23 %,77 %,649,2229,5640,12359
2025-03-15 08:09:37,AUDNZD,78 %,22 %,3447,978,27807,8633
2025-03-15 08:09:37,EURNZD,11 %,89 %,97,825,624,4622
2025-03-15 08:09:37,GBPCAD,6 %,94 %,182,3074,1145,9349
2025-03-15 08:09:37,NZDCAD,23 %,77 %,522,1728,6789,24602
2025-03-15 08:09:37,XAUUSD,28 %,72 %,2227,5600,11542,26713
2025-03-15 08:09:37,XAGUSD,28 %,72 %,194,494,885,1788
2025-03-15 08:09:37,XPDUSD,100 %,0 %,1,0,39,0
2025-03-15 08:09:37,CHFJPY,55 %,45 %,211,169,986,1172
2025-03-15 12:12:48,EURUSD,22 %,78 %,7036,25617,23021,75001
2025-03-15 12:12:48,GBPUSD,22 %,78 %,2861,10355,10000,26050
2025-03-15 12:12:48,USDJPY,53 %,47 %,1222,1066,7400,4267
2025-03-15 12:12:48,USDCHF,75 %,25 %,1463,475,6314,3523
2025-03-15 12:12:48,AUDUSD,66 %,34 %,2472,1290,8990,5917
2025-03-15 12:12:48,NZDUSD,81 %,19 %,3340,776,11820,3155
2025-03-15 12:12:48,USDCAD,23 %,77 %,2235,7543,8437,23804
2025-03-15 12:12:48,EURGBP,21 %,79 %,519,1964,3412,10223
2025-03-15 12:12:48,EURJPY,29 %,71 %,282,688,1731,2894
2025-03-15 12:12:48,EURCHF,20 %,80 %,197,782,1850,3386
2025-03-15 12:12:48,GBPJPY,45 %,55 %,294,364,1954,1631
2025-03-15 12:12:48,GBPCHF,46 %,54 %,84,97,831,948
2025-03-15 12:12:48,AUDJPY,66 %,34 %,195,101,1310,983
2025-03-15 12:12:48,AUDNZD,78 %,22 %,3447,978,27807,8633
2025-03-15 12:12:48,NZDJPY,58 %,42 %,159,116,1501,839
2025-03-15 12:12:48,CADJPY,75 %,25 %,211,70,2081,713
2025-03-15 12:12:48,EURAUD,8 %,92 %,346,3831,1340,9827
2025-03-15 12:12:48,AUDCAD,23 %,77 %,649,2229,5640,12359
2025-03-15 12:12:48,AUDNZD,78 %,22 %,3447,978,27807,8633
2025-03-15 12:12:48,EURNZD,11 %,89 %,97,825,624,4622
2025-03-15 12:12:48,GBPCAD,6 %,94 %,182,3074,1145,9349
2025-03-15 12:12:48,NZDCAD,23 %,77 %,522,1728,6789,24602
2025-03-15 12:12:48,XAUUSD,28 %,72 %,2227,5600,11542,26713
2025-03-15 12:12:48,XAGUSD,28 %,72 %,194,494,885,1788
2025-03-15 12:12:48,XPDUSD,100 %,0 %,1,0,39,0
2025-03-15 12:12:48,CHFJPY,55 %,45 %,211,169,986,1172
2025-03-15 16:08:18,EURUSD,22 %,78 %,7036,25617,23021,75001
2025-03-15 16:08:18,GBPUSD,22 %,78 %,2861,10355,10000,26050
2025-03-15 16:08:18,USDJPY,53 %,47 %,1222,1066,7400,4267
2025-03-15 16:08:18,USDCHF,75 %,25 %,1463,475,6314,3523
2025-03-15 16:08:18,AUDUSD,66 %,34 %,2472,1290,8990,5917
2025-03-15 16:08:18,NZDUSD,81 %,19 %,3340,776,11820,3155
2025-03-15 16:08:18,USDCAD,23 %,77 %,2235,7543,8437,23804
2025-03-15 16:08:18,EURGBP,21 %,79 %,519,1964,3412,10223
2025-03-15 16:08:18,EURJPY,29 %,71 %,282,688,1731,2894
2025-03-15 16:08:18,EURCHF,20 %,80 %,197,782,1850,3386
2025-03-15 16:08:18,GBPJPY,45 %,55 %,294,364,1954,1631
2025-03-15 16:08:18,GBPCHF,46 %,54 %,84,97,831,948
2025-03-15 16:08:18,AUDJPY,66 %,34 %,195,101,1310,983
2025-03-15 16:08:18,AUDNZD,78 %,22 %,3447,978,27807,8633
2025-03-15 16:08:18,NZDJPY,58 %,42 %,159,116,1501,839
2025-03-15 16:08:18,CADJPY,75 %,25 %,211,70,2081,713
2025-03-15 16:08:18,EURAUD,8 %,92 %,346,3831,1340,9827
2025-03-15 16:08:18,AUDCAD,23 %,77 %,649,2229,5640,12359
2025-03-15 16:08:18,AUDNZD,78 %,22 %,3447,978,27807,8633
2025-03-15 16:08:18,EURNZD,11 %,89 %,97,825,624,4622
2025-03-15 16:08:18,GBPCAD,6 %,94 %,182,3074,1145,9349
2025-03-15 16:08:18,NZDCAD,23 %,77 %,522,1728,6789,24602
2025-03-15 16:08:18,XAUUSD,28 %,72 %,2227,5600,11542,26713
2025-03-15 16:08:18,XAGUSD,28 %,72 %,194,494,885,1788
2025-03-15 16:08:18,XPDUSD,100 %,0 %,1,0,39,0
2025-03-15 16:08:18,CHFJPY,55 %,45 %,211,169,986,1172
2025-03-15 20:07:51,EURUSD,22 %,78 %,7036,25617,23021,75001
2025-03-15 20:07:51,GBPUSD,22 %,78 %,2861,10355,10000,26050
2025-03-15 20:07:51,USDJPY,53 %,47 %,1222,1066,7400,4267
2025-03-15 20:07:51,USDCHF,75 %,25 %,1463,475,6314,3523
2025-03-15 20:07:51,AUDUSD,66 %,34 %,2472,1290,8990,5917
2025-03-15 20:07:51,NZDUSD,81 %,19 %,3340,776,11820,3155
2025-03-15 20:07:51,USDCAD,23 %,77 %,2235,7543,8437,23804
2025-03-15 20:07:51,EURGBP,21 %,79 %,519,1964,3412,10223
2025-03-15 20:07:51,EURJPY,29 %,71 %,282,688,1731,2894
2025-03-15 20:07:51,EURCHF,20 %,80 %,197,782,1850,3386
2025-03-15 20:07:51,GBPJPY,45 %,55 %,294,364,1954,1631
2025-03-15 20:07:51,GBPCHF,46 %,54 %,84,97,831,948
2025-03-15 20:07:51,AUDJPY,66 %,34 %,195,101,1310,983
2025-03-15 20:07:51,AUDNZD,78 %,22 %,3447,978,27807,8633
2025-03-15 20:07:51,NZDJPY,58 %,42 %,159,116,1501,839
2025-03-15 20:07:51,CADJPY,75 %,25 %,211,70,2081,713
2025-03-15 20:07:51,EURAUD,8 %,92 %,346,3831,1340,9827
2025-03-15 20:07:51,AUDCAD,23 %,77 %,649,2229,5640,12359
2025-03-15 20:07:51,AUDNZD,78 %,22 %,3447,978,27807,8633
2025-03-15 20:07:51,EURNZD,11 %,89 %,97,825,624,4622
2025-03-15 20:07:51,GBPCAD,6 %,94 %,182,3074,1145,9349
2025-03-15 20:07:51,NZDCAD,23 %,77 %,522,1728,6789,24602
2025-03-15 20:07:51,XAUUSD,28 %,72 %,2227,5600,11542,26713
2025-03-15 20:07:51,XAGUSD,28 %,72 %,194,494,885,1788
2025-03-15 20:07:51,XPDUSD,100 %,0 %,1,0,39,0
2025-03-15 20:07:51,CHFJPY,55 %,45 %,211,169,986,1172
2025-03-16 00:43:17,EURUSD,22 %,78 %,7036,25617,23021,75001
2025-03-16 00:43:17,GBPUSD,22 %,78 %,2861,10355,10000,26050
2025-03-16 00:43:17,USDJPY,53 %,47 %,1222,1066,7400,4267
2025-03-16 00:43:17,USDCHF,75 %,25 %,1463,475,6314,3523
2025-03-16 00:43:17,AUDUSD,66 %,34 %,2472,1290,8990,5917
2025-03-16 00:43:17,NZDUSD,81 %,19 %,3340,776,11820,3155
2025-03-16 00:43:17,USDCAD,23 %,77 %,2235,7543,8437,23804
2025-03-16 00:43:17,EURGBP,21 %,79 %,519,1964,3412,10223
2025-03-16 00:43:17,EURJPY,29 %,71 %,282,688,1731,2894
2025-03-16 00:43:17,EURCHF,20 %,80 %,197,782,1850,3386
2025-03-16 00:43:17,GBPJPY,45 %,55 %,294,364,1954,1631
2025-03-16 00:43:17,GBPCHF,46 %,54 %,84,97,831,948
2025-03-16 00:43:17,AUDJPY,66 %,34 %,195,101,1310,983
2025-03-16 00:43:17,AUDNZD,78 %,22 %,3447,978,27807,8633
2025-03-16 00:43:17,NZDJPY,58 %,42 %,159,116,1501,839
2025-03-16 00:43:17,CADJPY,75 %,25 %,211,70,2081,713
2025-03-16 00:43:17,EURAUD,8 %,92 %,346,3831,1340,9827
2025-03-16 00:43:17,AUDCAD,23 %,77 %,649,2229,5640,12359
2025-03-16 00:43:17,AUDNZD,78 %,22 %,3447,978,27807,8633
2025-03-16 00:43:17,EURNZD,11 %,89 %,97,825,624,4622
2025-03-16 00:43:17,GBPCAD,6 %,94 %,182,3074,1145,9349
2025-03-16 00:43:17,NZDCAD,23 %,77 %,522,1728,6789,24602
2025-03-16 00:43:17,XAUUSD,28 %,72 %,2227,5600,11542,26713
2025-03-16 00:43:17,XAGUSD,28 %,72 %,194,494,885,1788
2025-03-16 00:43:17,XPDUSD,100 %,0 %,1,0,39,0
2025-03-16 00:43:17,CHFJPY,55 %,45 %,211,169,986,1172
2025-03-16 04:09:22,EURUSD,22 %,78 %,7036,25617,23021,75001
2025-03-16 04:09:22,GBPUSD,22 %,78 %,2861,10355,10000,26050
2025-03-16 04:09:22,USDJPY,53 %,47 %,1222,1066,7400,4267
2025-03-16 04:09:22,USDCHF,75 %,25 %,1463,475,6314,3523
2025-03-16 04:09:22,AUDUSD,66 %,34 %,2472,1290,8990,5917
2025-03-16 04:09:22,NZDUSD,81 %,19 %,3340,776,11820,3155
2025-03-16 04:09:22,USDCAD,23 %,77 %,2235,7543,8437,23804
2025-03-16 04:09:22,EURGBP,21 %,79 %,519,1964,3412,10223
2025-03-16 04:09:22,EURJPY,29 %,71 %,282,688,1731,2894
2025-03-16 04:09:22,EURCHF,20 %,80 %,197,782,1850,3386
2025-03-16 04:09:22,GBPJPY,45 %,55 %,294,364,1954,1631
2025-03-16 04:09:22,GBPCHF,46 %,54 %,84,97,831,948
2025-03-16 04:09:22,AUDJPY,66 %,34 %,195,101,1310,983
2025-03-16 04:09:22,AUDNZD,78 %,22 %,3447,978,27807,8633
2025-03-16 04:09:22,NZDJPY,58 %,42 %,159,116,1501,839
2025-03-16 04:09:22,CADJPY,75 %,25 %,211,70,2081,713
2025-03-16 04:09:22,EURAUD,8 %,92 %,346,3831,1340,9827
2025-03-16 04:09:22,AUDCAD,23 %,77 %,649,2229,5640,12359
2025-03-16 04:09:22,AUDNZD,78 %,22 %,3447,978,27807,8633
2025-03-16 04:09:22,EURNZD,11 %,89 %,97,825,624,4622
2025-03-16 04:09:22,GBPCAD,6 %,94 %,182,3074,1145,9349
2025-03-16 04:09:22,NZDCAD,23 %,77 %,522,1728,6789,24602
2025-03-16 04:09:22,XAUUSD,28 %,72 %,2227,5600,11542,26713
2025-03-16 04:09:22,XAGUSD,28 %,72 %,194,494,885,1788
2025-03-16 04:09:22,XPDUSD,100 %,0 %,1,0,39,0
2025-03-16 04:09:22,CHFJPY,55 %,45 %,211,169,986,1172
2025-03-16 08:10:01,EURUSD,22 %,78 %,7036,25617,23021,75001
2025-03-16 08:10:01,GBPUSD,22 %,78 %,2861,10355,10000,26050
2025-03-16 08:10:01,USDJPY,53 %,47 %,1222,1066,7400,4267
2025-03-16 08:10:01,USDCHF,75 %,25 %,1463,475,6314,3523
2025-03-16 08:10:01,AUDUSD,66 %,34 %,2472,1290,8990,5917
2025-03-16 08:10:01,NZDUSD,81 %,19 %,3340,776,11820,3155
2025-03-16 08:10:01,USDCAD,23 %,77 %,2235,7543,8437,23804
2025-03-16 08:10:01,EURGBP,21 %,79 %,519,1964,3412,10223
2025-03-16 08:10:01,EURJPY,29 %,71 %,282,688,1731,2894
2025-03-16 08:10:01,EURCHF,20 %,80 %,197,782,1850,3386
2025-03-16 08:10:01,GBPJPY,45 %,55 %,294,364,1954,1631
2025-03-16 08:10:01,GBPCHF,46 %,54 %,84,97,831,948
2025-03-16 08:10:01,AUDJPY,66 %,34 %,195,101,1310,983
2025-03-16 08:10:01,AUDNZD,78 %,22 %,3447,978,27807,8633
2025-03-16 08:10:01,NZDJPY,58 %,42 %,159,116,1501,839
2025-03-16 08:10:01,CADJPY,75 %,25 %,211,70,2081,713
2025-03-16 08:10:01,EURAUD,8 %,92 %,346,3831,1340,9827
2025-03-16 08:10:01,AUDCAD,23 %,77 %,649,2229,5640,12359
2025-03-16 08:10:01,AUDNZD,78 %,22 %,3447,978,27807,8633
2025-03-16 08:10:01,EURNZD,11 %,89 %,97,825,624,4622
2025-03-16 08:10:01,GBPCAD,6 %,94 %,182,3074,1145,9349
2025-03-16 08:10:01,NZDCAD,23 %,77 %,522,1728,6789,24602
2025-03-16 08:10:01,XAUUSD,28 %,72 %,2227,5600,11542,26713
2025-03-16 08:10:01,XAGUSD,28 %,72 %,194,494,885,1788
2025-03-16 08:10:01,XPDUSD,100 %,0 %,1,0,39,0
2025-03-16 08:10:01,CHFJPY,55 %,45 %,211,169,986,1172
2025-03-16 12:13:14,EURUSD,22 %,78 %,7036,25617,23021,75001
2025-03-16 12:13:14,GBPUSD,22 %,78 %,2861,10355,10000,26050
2025-03-16 12:13:14,USDJPY,53 %,47 %,1222,1066,7400,4267
2025-03-16 12:13:14,USDCHF,75 %,25 %,1463,475,6314,3523
2025-03-16 12:13:14,AUDUSD,66 %,34 %,2472,1290,8990,5917
2025-03-16 12:13:14,NZDUSD,81 %,19 %,3340,776,11820,3155
2025-03-16 12:13:14,USDCAD,23 %,77 %,2235,7543,8437,23804
2025-03-16 12:13:14,EURGBP,21 %,79 %,519,1964,3412,10223
2025-03-16 12:13:14,EURJPY,29 %,71 %,282,688,1731,2894
2025-03-16 12:13:14,EURCHF,20 %,80 %,197,782,1850,3386
2025-03-16 12:13:14,GBPJPY,45 %,55 %,294,364,1954,1631
2025-03-16 12:13:14,GBPCHF,46 %,54 %,84,97,831,948
2025-03-16 12:13:14,AUDJPY,66 %,34 %,195,101,1310,983
2025-03-16 12:13:14,AUDNZD,78 %,22 %,3447,978,27807,8633
2025-03-16 12:13:14,NZDJPY,58 %,42 %,159,116,1501,839
2025-03-16 12:13:14,CADJPY,75 %,25 %,211,70,2081,713
2025-03-16 12:13:14,EURAUD,8 %,92 %,346,3831,1340,9827
2025-03-16 12:13:14,AUDCAD,23 %,77 %,649,2229,5640,12359
2025-03-16 12:13:14,AUDNZD,78 %,22 %,3447,978,27807,8633
2025-03-16 12:13:14,EURNZD,11 %,89 %,97,825,624,4622
2025-03-16 12:13:14,GBPCAD,6 %,94 %,182,3074,1145,9349
2025-03-16 12:13:14,NZDCAD,23 %,77 %,522,1728,6789,24602
2025-03-16 12:13:14,XAUUSD,28 %,72 %,2227,5600,11542,26713
2025-03-16 12:13:14,XAGUSD,28 %,72 %,194,494,885,1788
2025-03-16 12:13:14,XPDUSD,100 %,0 %,1,0,39,0
2025-03-16 12:13:14,CHFJPY,55 %,45 %,211,169,986,1172
2025-03-16 16:08:25,EURUSD,22 %,78 %,7036,25617,23021,75001
2025-03-16 16:08:25,GBPUSD,22 %,78 %,2861,10355,10000,26050
2025-03-16 16:08:25,USDJPY,53 %,47 %,1222,1066,7400,4267
2025-03-16 16:08:25,USDCHF,75 %,25 %,1463,475,6314,3523
2025-03-16 16:08:25,AUDUSD,66 %,34 %,2472,1290,8990,5917
2025-03-16 16:08:25,NZDUSD,81 %,19 %,3340,776,11820,3155
2025-03-16 16:08:25,USDCAD,23 %,77 %,2235,7543,8437,23804
2025-03-16 16:08:25,EURGBP,21 %,79 %,519,1964,3412,10223
2025-03-16 16:08:25,EURJPY,29 %,71 %,282,688,1731,2894
2025-03-16 16:08:25,EURCHF,20 %,80 %,197,782,1850,3386
2025-03-16 16:08:25,GBPJPY,45 %,55 %,294,364,1954,1631
2025-03-16 16:08:25,GBPCHF,46 %,54 %,84,97,831,948
2025-03-16 16:08:25,AUDJPY,66 %,34 %,195,101,1310,983
2025-03-16 16:08:25,AUDNZD,78 %,22 %,3447,978,27807,8633
2025-03-16 16:08:25,NZDJPY,58 %,42 %,159,116,1501,839
2025-03-16 16:08:25,CADJPY,75 %,25 %,211,70,2081,713
2025-03-16 16:08:25,EURAUD,8 %,92 %,346,3831,1340,9827
2025-03-16 16:08:25,AUDCAD,23 %,77 %,649,2229,5640,12359
2025-03-16 16:08:25,AUDNZD,78 %,22 %,3447,978,27807,8633
2025-03-16 16:08:25,EURNZD,11 %,89 %,97,825,624,4622
2025-03-16 16:08:25,GBPCAD,6 %,94 %,182,3074,1145,9349
2025-03-16 16:08:25,NZDCAD,23 %,77 %,522,1728,6789,24602
2025-03-16 16:08:25,XAUUSD,28 %,72 %,2227,5600,11542,26713
2025-03-16 16:08:25,XAGUSD,28 %,72 %,194,494,885,1788
2025-03-16 16:08:25,XPDUSD,100 %,0 %,1,0,39,0
2025-03-16 16:08:25,CHFJPY,55 %,45 %,211,169,986,1172
